source_id,name,publisher,event_family,version,coverage_start,coverage_end,native_precision,primary_unit,primary_measure,inclusion_rule,known_gap_or_caveat,redistribution_note,documentation_url,criteria_url
EMDAT_PUBLIC,EM-DAT Public Table,CRED / UCLouvain,disaster,current public database documented 2026-08-27,1900,present,day/month/year as source provides,base disaster event (country impacts collapsed by base DisNo),onset count,all EM-DAT records admitted under EM-DAT inclusion criteria; no HLR severity filter,pre-2000 data documented as lower quality; multi-country impacts require deterministic collapse,source terms govern raw-data redistribution,https://doc.emdat.be/docs/introduction/,https://doc.emdat.be/docs/protocols/entry-criteria/
UCDP_GED_26_1,UCDP Georeferenced Event Dataset Global,Uppsala Conflict Data Program,organized_violence,26.1,1989,2025,day,GED event,daily event count,all events in global GED v26.1,source-specific coding and revisions preserved,follow UCDP terms/citation,https://ucdp.uu.se/downloads/,https://ucdp.uu.se/
GTD_1970_2020,Global Terrorism Database,START / University of Maryland,terrorism,"2022 distribution, 1970-2020",1970,2020,day/month/year as source provides,GTD incident,daily incident count,all distributed GTD incidents; no HLR severity filter,1993 incident-level data missing; methodology shifts noted by publisher,raw GTD data not redistributed; EULA applies,https://www.start.umd.edu/data-tools/GTD,https://www.start.umd.edu/gtd-faqs
COW_INTERSTATE_V4,COW Inter-State War Data,Correlates of War Project,war_interstate,v4.0,1816,2007,source-declared onset precision,war onset,onset count,all wars in frozen COW inter-state release,"continuing war duration is secondary, not repeated daily exposure",follow COW citation/terms,https://correlatesofwar.org/data-sets/cow-war/,https://correlatesofwar.org/data-sets/cow-war/
COW_EXTRASTATE_V4,COW Extra-State War Data,Correlates of War Project,war_extrastate,v4.0,1816,2007,source-declared onset precision,war onset,onset count,all wars in frozen COW extra-state release,duration secondary,follow COW citation/terms,https://correlatesofwar.org/data-sets/cow-war/,https://correlatesofwar.org/data-sets/cow-war/
COW_NONSTATE_V4,COW Non-State War Data,Correlates of War Project,war_nonstate,v4.0,1816,2007,source-declared onset precision,war onset,onset count,all wars in frozen COW non-state release,duration secondary,follow COW citation/terms,https://correlatesofwar.org/data-sets/cow-war/,https://correlatesofwar.org/data-sets/cow-war/
COW_INTRASTATE_V5_1,COW Intra-State War Data,Correlates of War Project,war_intrastate,v5.1,1816,2014,source-declared onset precision,war onset,onset count,all wars in frozen COW intra-state v5.1 release,coverage differs from other COW war families; analyzed separately,follow COW citation/terms,https://correlatesofwar.org/data-sets/cow-war/,https://correlatesofwar.org/data-sets/cow-war/
COW_MID_V5,Militarized Interstate Disputes,Correlates of War Project,militarized_interstate_dispute,v5.0,1816,2014,source-declared onset precision,dispute onset,onset count,all disputes in MID v5.0,duration secondary; not merged with wars,follow COW citation/terms,https://correlatesofwar.org/data-sets/mids/,https://correlatesofwar.org/data-sets/mids/
IMF_SBC_2026,Systemic Banking Crises Database: 1970-2025,Laeven & Valencia / IMF Working Paper,systemic_banking_crisis,2026 release,1970,2025,source-declared start precision,systemic banking-crisis episode,crisis onset count at native resolution,all systemic banking crises in 2026 database; no HLR severity filter,native date precision must be preserved; no daily imputation,follow IMF/data supplement terms,https://www.imf.org/en/publications/wp/issues/2026/05/14/systemic-banking-crises-database-1970-2025-576036,https://www.imf.org/en/publications/wp/issues/2026/05/14/systemic-banking-crises-database-1970-2025-576036
