family_id,source_time_utc,omega,k01,k001,k0001,loo_percentile,upper_tail_fraction,top_tail_percent,strongest_other_families,strongest_other_modules,details_json
f02_2026_sep17,2026-09-17T18:19:39Z,2.8118490524786943,2,1,1,0.9998175318136662,0.00018246818633380865,0.018246818633380867,f01_2026_sep01;f06_2025_sep10;f04_2023_oct07;f11_1913_dec23;f13_1947_nov29;f05_2021_sep11,m002;m003;m018;m001;m011;m012;m019;m049,"{""families"": [{""family_id"": ""f01_2026_sep01"", ""p_bonf"": 2.8383901732228975e-05}, {""family_id"": ""f06_2025_sep10"", ""p_bonf"": 0.005433489760169547}, {""family_id"": ""f04_2023_oct07"", ""p_bonf"": 0.03991587552172315}, {""family_id"": ""f11_1913_dec23"", ""p_bonf"": 0.06333664929391665}, {""family_id"": ""f13_1947_nov29"", ""p_bonf"": 0.07168962608940119}, {""family_id"": ""f05_2021_sep11"", ""p_bonf"": 0.5277824333383794}, {""family_id"": ""f12_1929_oct24"", ""p_bonf"": 0.7810600981812678}, {""family_id"": ""f14_2000_mar10"", ""p_bonf"": 0.8713100927748102}], ""modules"": [{""module_id"": ""m002"", ""family_id"": ""f01_2026_sep01"", ""motif_id"": ""motif_002"", ""label"": ""Uranus\u2013Neptune\u2013Pluto slow scaffold"", ""bodies"": [""Uranus"", ""Neptune"", ""Pluto""], ""score_deg"": 0.31524705968660816, ""p"": 9.461300577409658e-06}, {""module_id"": ""m003"", ""family_id"": ""f01_2026_sep01"", ""motif_id"": ""motif_003"", ""label"": ""Neptune bridge into Saturn and inner ladder"", ""bodies"": [""Neptune"", ""Saturn"", ""Mars"", ""Jupiter"", ""Mercury""], ""score_deg"": 16.969339028700848, ""p"": 0.00028924547479509526}, {""module_id"": ""m018"", ""family_id"": ""f06_2025_sep10"", ""motif_id"": ""motif_018"", ""label"": ""Pluto\u2013Saturn\u2013Neptune\u2013Uranus outer ladder"", ""bodies"": [""Pluto"", ""Saturn"", ""Neptune"", ""Uranus""], ""score_deg"": 7.670800373392744, ""p"": 0.0018111632533898488}, {""module_id"": ""m001"", ""family_id"": ""f01_2026_sep01"", ""motif_id"": ""motif_001"", ""label"": ""Saturn\u2013Mars\u2013Jupiter\u2013Mercury lattice"", ""bodies"": [""Saturn"", ""Mars"", ""Jupiter"", ""Mercury""], ""score_deg"": 18.035078084537027, ""p"": 0.002761348154235419}, {""module_id"": ""m011"", ""family_id"": ""f04_2023_oct07"", ""motif_id"": ""motif_011"", ""label"": ""Pluto\u2013Neptune\u2013Uranus 60/60/120 triad"", ""bodies"": [""Pluto"", ""Neptune"", ""Uranus""], ""score_deg"": 5.758133303402313, ""p"": 0.009978968880430787}, {""module_id"": ""m012"", ""family_id"": ""f04_2023_oct07"", ""motif_id"": ""motif_012"", ""label"": ""Pluto\u2013Saturn\u2013Neptune\u2013Uranus routed scaffold"", ""bodies"": [""Pluto"", ""Saturn"", ""Neptune"", ""Uranus""], ""score_deg"": 23.634500877379345, ""p"": 0.012971443091628641}, {""module_id"": ""m019"", ""family_id"": ""f06_2025_sep10"", ""motif_id"": ""motif_019"", ""label"": ""Dual eight-planet ladder assembly"", ""bodies"": [""Mercury"", ""Venus"", ""Mars"", ""Jupiter"", ""Saturn"", ""Uranus"", ""Neptune"", ""Pluto""], ""score_deg"": 64.60542709879677, ""p"": 0.01566656214182219}, {""module_id"": ""m049"", ""family_id"": ""f13_1947_nov29"", ""motif_id"": ""motif_049"", ""label"": ""Mars\u2013Venus\u2013Uranus 60/120/180 gate"", ""bodies"": [""Mars"", ""Venus"", ""Uranus""], ""score_deg"": 24.781820915481447, ""p"": 0.017922406522350297}, {""module_id"": ""m039"", ""family_id"": ""f11_1913_dec23"", ""motif_id"": ""motif_039"", ""label"": ""Saturn opposite Mercury/Venus fork"", ""bodies"": [""Saturn"", ""Mercury"", ""Venus""], ""score_deg"": 13.551970721014657, ""p"": 0.02111221643130555}, {""module_id"": ""m013"", ""family_id"": ""f04_2023_oct07"", ""motif_id"": ""motif_013"", ""label"": ""Joined six-body circuit"", ""bodies"": [""Venus"", ""Mars"", ""Pluto"", ""Saturn"", ""Neptune"", ""Uranus""], ""score_deg"": 76.60803140925705, ""p"": 0.06029416535109535}, {""module_id"": ""m059"", ""family_id"": ""f15_1918_spring"", ""motif_id"": ""motif_059"", ""label"": ""Apr 5 Pluto\u2013Mercury\u2013Neptune 30/60/90"", ""bodies"": [""Pluto"", ""Mercury"", ""Neptune""], ""score_deg"": 58.188613785754974, ""p"": 0.1668162453234143}, {""module_id"": ""m063"", ""family_id"": ""f15_1918_spring"", ""motif_id"": ""motif_063"", ""label"": ""May 22 Mercury\u2013Pluto\u2013Neptune triad"", ""bodies"": [""Mercury"", ""Pluto"", ""Neptune""], ""score_deg"": 59.27213740687206, ""p"": 0.17179964749897278}]}"
f06_2025_sep10,2025-09-10T18:23:00Z,2.089130956190979,2,1,0,0.9979590595454515,0.002040940454548526,0.20409404545485263,f01_2026_sep01;f04_2023_oct07;f02_2026_sep17;f05_2021_sep11;f11_1913_dec23;f15_1918_spring,m002;m013;m010;m011;m012;m016;m014;m004,"{""families"": [{""family_id"": ""f01_2026_sep01"", ""p_bonf"": 0.000583897407062996}, {""family_id"": ""f04_2023_oct07"", ""p_bonf"": 0.0013948660279838238}, {""family_id"": ""f02_2026_sep17"", ""p_bonf"": 0.04640092126035337}, {""family_id"": ""f05_2021_sep11"", ""p_bonf"": 0.07332778270366125}, {""family_id"": ""f11_1913_dec23"", ""p_bonf"": 0.3821000302761619}, {""family_id"": ""f15_1918_spring"", ""p_bonf"": 0.3889162215350014}, {""family_id"": ""f16_2020_mar11"", ""p_bonf"": 0.8032211673622975}, {""family_id"": ""f12_1929_oct24"", ""p_bonf"": 0.9243960987002876}], ""modules"": [{""module_id"": ""m002"", ""family_id"": ""f01_2026_sep01"", ""motif_id"": ""motif_002"", ""label"": ""Uranus\u2013Neptune\u2013Pluto slow scaffold"", ""bodies"": [""Uranus"", ""Neptune"", ""Pluto""], ""score_deg"": 1.6904620133572665, ""p"": 0.0001946324690209987}, {""module_id"": ""m013"", ""family_id"": ""f04_2023_oct07"", ""motif_id"": ""motif_013"", ""label"": ""Joined six-body circuit"", ""bodies"": [""Venus"", ""Mars"", ""Pluto"", ""Saturn"", ""Neptune"", ""Uranus""], ""score_deg"": 18.443288009487606, ""p"": 0.00034871650699595596}, {""module_id"": ""m010"", ""family_id"": ""f04_2023_oct07"", ""motif_id"": ""motif_010"", ""label"": ""Venus\u2013Mars\u2013Pluto 60/90/150 triad"", ""bodies"": [""Venus"", ""Mars"", ""Pluto""], ""score_deg"": 9.355922474420375, ""p"": 0.004434646742068727}, {""module_id"": ""m011"", ""family_id"": ""f04_2023_oct07"", ""motif_id"": ""motif_011"", ""label"": ""Pluto\u2013Neptune\u2013Uranus 60/60/120 triad"", ""bodies"": [""Pluto"", ""Neptune"", ""Uranus""], ""score_deg"": 3.8229369829557087, ""p"": 0.005125321684219632}, {""module_id"": ""m012"", ""family_id"": ""f04_2023_oct07"", ""motif_id"": ""motif_012"", ""label"": ""Pluto\u2013Saturn\u2013Neptune\u2013Uranus routed scaffold"", ""bodies"": [""Pluto"", ""Saturn"", ""Neptune"", ""Uranus""], ""score_deg"": 15.965631713683608, ""p"": 0.006721578253065462}, {""module_id"": ""m016"", ""family_id"": ""f05_2021_sep11"", ""motif_id"": ""motif_016"", ""label"": ""Mars\u2013Pluto\u2013Neptune 120+60 partition"", ""bodies"": [""Mars"", ""Pluto"", ""Neptune""], ""score_deg"": 13.446947761776098, ""p"": 0.02444259423455375}, {""module_id"": ""m014"", ""family_id"": ""f05_2021_sep11"", ""motif_id"": ""motif_014"", ""label"": ""Pluto-centered six-body directed hinge"", ""bodies"": [""Mars"", ""Pluto"", ""Saturn"", ""Jupiter"", ""Neptune"", ""Uranus""], ""score_deg"": 74.68529957905453, ""p"": 0.04600624986483856}, {""module_id"": ""m004"", ""family_id"": ""f02_2026_sep17"", ""motif_id"": ""motif_004"", ""label"": ""Venus across Uranus\u2013Neptune\u2013Pluto scaffold"", ""bodies"": [""Venus"", ""Uranus"", ""Neptune"", ""Pluto""], ""score_deg"": 51.16229383845481, ""p"": 0.04640092126035337}, {""module_id"": ""m067"", ""family_id"": ""f15_1918_spring"", ""motif_id"": ""motif_067"", ""label"": ""May 28 Mars/Jupiter plus Venus/Jupiter/Uranus"", ""bodies"": [""Mars"", ""Jupiter"", ""Venus"", ""Uranus""], ""score_deg"": 61.2856359884111, ""p"": 0.055559460219285914}, {""module_id"": ""m003"", ""family_id"": ""f01_2026_sep01"", ""motif_id"": ""motif_003"", ""label"": ""Neptune bridge into Saturn and inner ladder"", ""bodies"": [""Neptune"", ""Saturn"", ""Mars"", ""Jupiter"", ""Mercury""], ""score_deg"": 70.05318166273443, ""p"": 0.07879100797993123}, {""module_id"": ""m015"", ""family_id"": ""f05_2021_sep11"", ""motif_id"": ""motif_015"", ""label"": ""Pluto\u2013Saturn\u2013Jupiter\u2013Neptune\u2013Uranus expansion rail"", ""bodies"": [""Pluto"", ""Saturn"", ""Jupiter"", ""Neptune"", ""Uranus""], ""score_deg"": 82.34479778362548, ""p"": 0.12238732942626673}, {""module_id"": ""m039"", ""family_id"": ""f11_1913_dec23"", ""motif_id"": ""motif_039"", ""label"": ""Saturn opposite Mercury/Venus fork"", ""bodies"": [""Saturn"", ""Mercury"", ""Venus""], ""score_deg"": 33.16310451659, ""p"": 0.12736667675872063}]}"
f01_2026_sep01,2026-09-01T11:40:00Z,1.4192008388500663,2,1,0,0.9967453082022829,0.0032546917977171203,0.325469179771712,f02_2026_sep17;f06_2025_sep10;f04_2023_oct07;f13_1947_nov29;f11_1913_dec23;f05_2021_sep11,m004;m018;m011;m012;m019;m049;m013;m039,"{""families"": [{""family_id"": ""f02_2026_sep17"", ""p_bonf"": 0.0006325555243182458}, {""family_id"": ""f06_2025_sep10"", ""p_bonf"": 0.006021442010337147}, {""family_id"": ""f04_2023_oct07"", ""p_bonf"": 0.03738565342445016}, {""family_id"": ""f13_1947_nov29"", ""p_bonf"": 0.12233731969464329}, {""family_id"": ""f11_1913_dec23"", ""p_bonf"": 0.2461816894098311}, {""family_id"": ""f05_2021_sep11"", ""p_bonf"": 0.6371091131247162}, {""family_id"": ""f14_2000_mar10"", ""p_bonf"": 0.7413767003308752}, {""family_id"": ""f03_2026_feb28"", ""p_bonf"": 0.9634253151964707}], ""modules"": [{""module_id"": ""m004"", ""family_id"": ""f02_2026_sep17"", ""motif_id"": ""motif_004"", ""label"": ""Venus across Uranus\u2013Neptune\u2013Pluto scaffold"", ""bodies"": [""Venus"", ""Uranus"", ""Neptune"", ""Pluto""], ""score_deg"": 7.768077699646593, ""p"": 0.0006325555243182458}, {""module_id"": ""m018"", ""family_id"": ""f06_2025_sep10"", ""motif_id"": ""motif_018"", ""label"": ""Pluto\u2013Saturn\u2013Neptune\u2013Uranus outer ladder"", ""bodies"": [""Pluto"", ""Saturn"", ""Neptune"", ""Uranus""], ""score_deg"": 8.22017300700726, ""p"": 0.002007147336779049}, {""module_id"": ""m011"", ""family_id"": ""f04_2023_oct07"", ""motif_id"": ""motif_011"", ""label"": ""Pluto\u2013Neptune\u2013Uranus 60/60/120 triad"", ""bodies"": [""Pluto"", ""Neptune"", ""Uranus""], ""score_deg"": 5.513167664444544, ""p"": 0.00934641335611254}, {""module_id"": ""m012"", ""family_id"": ""f04_2023_oct07"", ""motif_id"": ""motif_012"", ""label"": ""Pluto\u2013Saturn\u2013Neptune\u2013Uranus routed scaffold"", ""bodies"": [""Pluto"", ""Saturn"", ""Neptune"", ""Uranus""], ""score_deg"": 24.18363248397233, ""p"": 0.013333675742306612}, {""module_id"": ""m019"", ""family_id"": ""f06_2025_sep10"", ""motif_id"": ""motif_019"", ""label"": ""Dual eight-planet ladder assembly"", ""bodies"": [""Mercury"", ""Venus"", ""Mars"", ""Jupiter"", ""Saturn"", ""Uranus"", ""Neptune"", ""Pluto""], ""score_deg"": 64.71585622108466, ""p"": 0.015834162323479162}, {""module_id"": ""m049"", ""family_id"": ""f13_1947_nov29"", ""motif_id"": ""motif_049"", ""label"": ""Mars\u2013Venus\u2013Uranus 60/120/180 gate"", ""bodies"": [""Mars"", ""Venus"", ""Uranus""], ""score_deg"": 32.4829716237943, ""p"": 0.030584329923660822}, {""module_id"": ""m013"", ""family_id"": ""f04_2023_oct07"", ""motif_id"": ""motif_013"", ""label"": ""Joined six-body circuit"", ""bodies"": [""Venus"", ""Mars"", ""Pluto"", ""Saturn"", ""Neptune"", ""Uranus""], ""score_deg"": 79.12340847209674, ""p"": 0.07009742436365995}, {""module_id"": ""m039"", ""family_id"": ""f11_1913_dec23"", ""motif_id"": ""motif_039"", ""label"": ""Saturn opposite Mercury/Venus fork"", ""bodies"": [""Saturn"", ""Mercury"", ""Venus""], ""score_deg"": 26.37049269756702, ""p"": 0.08206056313661036}, {""module_id"": ""m051"", ""family_id"": ""f13_1947_nov29"", ""motif_id"": ""motif_051"", ""label"": ""Eight-planet chained assembly"", ""bodies"": [""Mercury"", ""Venus"", ""Mars"", ""Jupiter"", ""Saturn"", ""Uranus"", ""Neptune"", ""Pluto""], ""score_deg"": 91.3290940962773, ""p"": 0.14196681516403192}, {""module_id"": ""m050"", ""family_id"": ""f13_1947_nov29"", ""motif_id"": ""motif_050"", ""label"": ""Mercury\u2013Jupiter\u2013Venus 20/20/40 planet rail"", ""bodies"": [""Mercury"", ""Jupiter"", ""Venus""], ""score_deg"": 40.24262939733626, ""p"": 0.16845845678077898}, {""module_id"": ""m055"", ""family_id"": ""f14_2000_mar10"", ""motif_id"": ""motif_055"", ""label"": ""Neptune\u2013Mars\u2013Jupiter\u2013Saturn 75/90/97.5 rail"", ""bodies"": [""Neptune"", ""Mars"", ""Jupiter"", ""Saturn""], ""score_deg"": 81.1806293030384, ""p"": 0.1853441750827188}, {""module_id"": ""m041"", ""family_id"": ""f11_1913_dec23"", ""motif_id"": ""motif_041"", ""label"": ""Eight-planet double-rail assembly"", ""bodies"": [""Mercury"", ""Venus"", ""Mars"", ""Jupiter"", ""Saturn"", ""Uranus"", ""Neptune"", ""Pluto""], ""score_deg"": 95.8011910063962, ""p"": 0.1872121061395731}]}"
f03_2026_feb28,2026-02-28T23:30:00Z,1.2077028608881815,2,0,0,0.9845375107284535,0.015462489271546451,1.5462489271546451,f06_2025_sep10;f04_2023_oct07;f01_2026_sep01;f08_1775_apr19;f09_1914_jun28;f14_2000_mar10,m018;m011;m002;m026;m012;m057;m030;m048,"{""families"": [{""family_id"": ""f06_2025_sep10"", ""p_bonf"": 0.0019665989057330076}, {""family_id"": ""f04_2023_oct07"", ""p_bonf"": 0.0031519647066456176}, {""family_id"": ""f01_2026_sep01"", ""p_bonf"": 0.019511905019355118}, {""family_id"": ""f08_1775_apr19"", ""p_bonf"": 0.030622175125970458}, {""family_id"": ""f09_1914_jun28"", ""p_bonf"": 0.09157998313185269}, {""family_id"": ""f14_2000_mar10"", ""p_bonf"": 0.18311130814645013}, {""family_id"": ""f07_2008_sep15"", ""p_bonf"": 0.20777421552302067}, {""family_id"": ""f13_1947_nov29"", ""p_bonf"": 0.23468891243701476}], ""modules"": [{""module_id"": ""m018"", ""family_id"": ""f06_2025_sep10"", ""motif_id"": ""motif_018"", ""label"": ""Pluto\u2013Saturn\u2013Neptune\u2013Uranus outer ladder"", ""bodies"": [""Pluto"", ""Saturn"", ""Neptune"", ""Uranus""], ""score_deg"": 4.286717759437112, ""p"": 0.0006555329685776691}, {""module_id"": ""m011"", ""family_id"": ""f04_2023_oct07"", ""motif_id"": ""motif_011"", ""label"": ""Pluto\u2013Neptune\u2013Uranus 60/60/120 triad"", ""bodies"": [""Pluto"", ""Neptune"", ""Uranus""], ""score_deg"": 1.1200288702131438, ""p"": 0.0007879911766614044}, {""module_id"": ""m002"", ""family_id"": ""f01_2026_sep01"", ""motif_id"": ""motif_002"", ""label"": ""Uranus\u2013Neptune\u2013Pluto slow scaffold"", ""bodies"": [""Uranus"", ""Neptune"", ""Pluto""], ""score_deg"": 6.370952969654464, ""p"": 0.006503968339785039}, {""module_id"": ""m026"", ""family_id"": ""f08_1775_apr19"", ""motif_id"": ""motif_026"", ""label"": ""Pluto\u2013Mercury\u2013Uranus 60+60=120"", ""bodies"": [""Pluto"", ""Mercury"", ""Uranus""], ""score_deg"": 12.80464893465814, ""p"": 0.0076555437814926144}, {""module_id"": ""m012"", ""family_id"": ""f04_2023_oct07"", ""motif_id"": ""motif_012"", ""label"": ""Pluto\u2013Saturn\u2013Neptune\u2013Uranus routed scaffold"", ""bodies"": [""Pluto"", ""Saturn"", ""Neptune"", ""Uranus""], ""score_deg"": 17.58917313524992, ""p"": 0.008763867563417746}, {""module_id"": ""m057"", ""family_id"": ""f14_2000_mar10"", ""motif_id"": ""motif_057"", ""label"": ""Eight-planet 7.5-degree lattice"", ""bodies"": [""Mercury"", ""Venus"", ""Mars"", ""Jupiter"", ""Saturn"", ""Uranus"", ""Neptune"", ""Pluto""], ""score_deg"": 74.6608526213741, ""p"": 0.04577782703661253}, {""module_id"": ""m030"", ""family_id"": ""f09_1914_jun28"", ""motif_id"": ""motif_030"", ""label"": ""Pluto\u2013Neptune/Mercury\u2013Mars 0/30/60 core"", ""bodies"": [""Pluto"", ""Neptune"", ""Mercury"", ""Mars""], ""score_deg"": 41.49239315344088, ""p"": 0.04578999156592634}, {""module_id"": ""m048"", ""family_id"": ""f13_1947_nov29"", ""motif_id"": ""motif_048"", ""label"": ""Pluto\u2013Saturn\u2013Mars midpoint"", ""bodies"": [""Pluto"", ""Saturn"", ""Mars""], ""score_deg"": 37.022856575402564, ""p"": 0.05867222810925369}, {""module_id"": ""m033"", ""family_id"": ""f09_1914_jun28"", ""motif_id"": ""motif_033"", ""label"": ""Eight-planet assembly"", ""bodies"": [""Mercury"", ""Venus"", ""Mars"", ""Jupiter"", ""Saturn"", ""Uranus"", ""Neptune"", ""Pluto""], ""score_deg"": 79.73917985989789, ""p"": 0.06126597608183214}, {""module_id"": ""m071"", ""family_id"": ""f16_2020_mar11"", ""motif_id"": ""motif_071"", ""label"": ""Eight-planet chained assembly"", ""bodies"": [""Mercury"", ""Venus"", ""Mars"", ""Jupiter"", ""Saturn"", ""Uranus"", ""Neptune"", ""Pluto""], ""score_deg"": 83.18493511256683, ""p"": 0.06398272096191691}, {""module_id"": ""m069"", ""family_id"": ""f16_2020_mar11"", ""motif_id"": ""motif_069"", ""label"": ""Saturn\u2013Mercury\u2013Neptune 30/20/50 rail"", ""bodies"": [""Saturn"", ""Mercury"", ""Neptune""], ""score_deg"": 37.16329753752286, ""p"": 0.06556275815834432}, {""module_id"": ""m021"", ""family_id"": ""f07_2008_sep15"", ""motif_id"": ""motif_021"", ""label"": ""Mercury\u2013Venus\u2013Mars triple node"", ""bodies"": [""Mercury"", ""Venus"", ""Mars""], ""score_deg"": 18.03231388271511, ""p"": 0.0692580718410069}]}"
f05_2021_sep11,2021-09-11T12:00:00Z,0.8691472001485421,1,0,0,0.9720526319346359,0.02794736806536416,2.7947368065364158,f02_2026_sep17;f04_2023_oct07;f07_2008_sep15;f01_2026_sep01;f06_2025_sep10;f12_1929_oct24,m004;m011;m012;m022;m013;m002;m018;m023,"{""families"": [{""family_id"": ""f02_2026_sep17"", ""p_bonf"": 0.0013516143682013797}, {""family_id"": ""f04_2023_oct07"", ""p_bonf"": 0.01770074176596527}, {""family_id"": ""f07_2008_sep15"", ""p_bonf"": 0.02061076750070284}, {""family_id"": ""f01_2026_sep01"", ""p_bonf"": 0.04569808178888865}, {""family_id"": ""f06_2025_sep10"", ""p_bonf"": 0.046213046863173374}, {""family_id"": ""f12_1929_oct24"", ""p_bonf"": 0.2852987608399472}, {""family_id"": ""f03_2026_feb28"", ""p_bonf"": 0.32452936787699227}, {""family_id"": ""f13_1947_nov29"", ""p_bonf"": 0.5348121796673947}], ""modules"": [{""module_id"": ""m004"", ""family_id"": ""f02_2026_sep17"", ""motif_id"": ""motif_004"", ""label"": ""Venus across Uranus\u2013Neptune\u2013Pluto scaffold"", ""bodies"": [""Venus"", ""Uranus"", ""Neptune"", ""Pluto""], ""score_deg"": 10.381874527009888, ""p"": 0.0013516143682013797}, {""module_id"": ""m011"", ""family_id"": ""f04_2023_oct07"", ""motif_id"": ""motif_011"", ""label"": ""Pluto\u2013Neptune\u2013Uranus 60/60/120 triad"", ""bodies"": [""Pluto"", ""Neptune"", ""Uranus""], ""score_deg"": 3.4434594471098574, ""p"": 0.004425185441491317}, {""module_id"": ""m012"", ""family_id"": ""f04_2023_oct07"", ""motif_id"": ""motif_012"", ""label"": ""Pluto\u2013Saturn\u2013Neptune\u2013Uranus routed scaffold"", ""bodies"": [""Pluto"", ""Saturn"", ""Neptune"", ""Uranus""], ""score_deg"": 13.379339327022421, ""p"": 0.004557643649575053}, {""module_id"": ""m022"", ""family_id"": ""f07_2008_sep15"", ""motif_id"": ""motif_022"", ""label"": ""Pluto\u2013Jupiter\u2013Neptune\u2013Uranus outer shell"", ""bodies"": [""Pluto"", ""Jupiter"", ""Neptune"", ""Uranus""], ""score_deg"": 17.943947677299327, ""p"": 0.006870255833567613}, {""module_id"": ""m013"", ""family_id"": ""f04_2023_oct07"", ""motif_id"": ""motif_013"", ""label"": ""Joined six-body circuit"", ""bodies"": [""Venus"", ""Mars"", ""Pluto"", ""Saturn"", ""Neptune"", ""Uranus""], ""score_deg"": 46.200178475236044, ""p"": 0.006933781708873078}, {""module_id"": ""m002"", ""family_id"": ""f01_2026_sep01"", ""motif_id"": ""motif_002"", ""label"": ""Uranus\u2013Neptune\u2013Pluto slow scaffold"", ""bodies"": [""Uranus"", ""Neptune"", ""Pluto""], ""score_deg"": 8.916702323565783, ""p"": 0.015232693929629549}, {""module_id"": ""m018"", ""family_id"": ""f06_2025_sep10"", ""motif_id"": ""motif_018"", ""label"": ""Pluto\u2013Saturn\u2013Neptune\u2013Uranus outer ladder"", ""bodies"": [""Pluto"", ""Saturn"", ""Neptune"", ""Uranus""], ""score_deg"": 29.338179660444947, ""p"": 0.015404348954391125}, {""module_id"": ""m023"", ""family_id"": ""f07_2008_sep15"", ""motif_id"": ""motif_023"", ""label"": ""Eight-planet assembly"", ""bodies"": [""Mercury"", ""Venus"", ""Mars"", ""Jupiter"", ""Saturn"", ""Uranus"", ""Neptune"", ""Pluto""], ""score_deg"": 70.7018690748628, ""p"": 0.03427558876321879}, {""module_id"": ""m043"", ""family_id"": ""f12_1929_oct24"", ""motif_id"": ""motif_043"", ""label"": ""Uranus opposite Mercury/Venus gate"", ""bodies"": [""Uranus"", ""Mercury"", ""Venus""], ""score_deg"": 23.740884235259788, ""p"": 0.0713246902099868}, {""module_id"": ""m019"", ""family_id"": ""f06_2025_sep10"", ""motif_id"": ""motif_019"", ""label"": ""Dual eight-planet ladder assembly"", ""bodies"": [""Mercury"", ""Venus"", ""Mars"", ""Jupiter"", ""Saturn"", ""Uranus"", ""Neptune"", ""Pluto""], ""score_deg"": 83.6608569880933, ""p"": 0.07973443480893579}, {""module_id"": ""m021"", ""family_id"": ""f07_2008_sep15"", ""motif_id"": ""motif_021"", ""label"": ""Mercury\u2013Venus\u2013Mars triple node"", ""bodies"": [""Mercury"", ""Venus"", ""Mars""], ""score_deg"": 22.019620115414178, ""p"": 0.10525156246620965}, {""module_id"": ""m059"", ""family_id"": ""f15_1918_spring"", ""motif_id"": ""motif_059"", ""label"": ""Apr 5 Pluto\u2013Mercury\u2013Neptune 30/60/90"", ""bodies"": [""Pluto"", ""Mercury"", ""Neptune""], ""score_deg"": 46.87531855486218, ""p"": 0.11954488440993923}]}"
f04_2023_oct07,2023-10-07T12:00:00Z,0.753536688474242,1,0,0,0.9671719458542553,0.03282805414574477,3.282805414574477,f06_2025_sep10;f05_2021_sep11;f01_2026_sep01;f02_2026_sep17;f07_2008_sep15;f11_1913_dec23,m019;m014;m002;m018;m015;m004;m016;m022,"{""families"": [{""family_id"": ""f06_2025_sep10"", ""p_bonf"": 0.0017638567505028004}, {""family_id"": ""f05_2021_sep11"", ""p_bonf"": 0.01141438333946065}, {""family_id"": ""f01_2026_sep01"", ""p_bonf"": 0.014264938041997362}, {""family_id"": ""f02_2026_sep17"", ""p_bonf"": 0.02659706753746675}, {""family_id"": ""f07_2008_sep15"", ""p_bonf"": 0.2351119677342618}, {""family_id"": ""f11_1913_dec23"", ""p_bonf"": 0.33748053675309786}, {""family_id"": ""f12_1929_oct24"", ""p_bonf"": 0.5510531779157025}, {""family_id"": ""f03_2026_feb28"", ""p_bonf"": 0.8716020414783417}], ""modules"": [{""module_id"": ""m019"", ""family_id"": ""f06_2025_sep10"", ""motif_id"": ""motif_019"", ""label"": ""Dual eight-planet ladder assembly"", ""bodies"": [""Mercury"", ""Venus"", ""Mars"", ""Jupiter"", ""Saturn"", ""Uranus"", ""Neptune"", ""Pluto""], ""score_deg"": 37.41416072608381, ""p"": 0.0005879522501676002}, {""module_id"": ""m014"", ""family_id"": ""f05_2021_sep11"", ""motif_id"": ""motif_014"", ""label"": ""Pluto-centered six-body directed hinge"", ""bodies"": [""Mars"", ""Pluto"", ""Saturn"", ""Jupiter"", ""Neptune"", ""Uranus""], ""score_deg"": 40.87646714362654, ""p"": 0.0038047944464868837}, {""module_id"": ""m002"", ""family_id"": ""f01_2026_sep01"", ""motif_id"": ""motif_002"", ""label"": ""Uranus\u2013Neptune\u2013Pluto slow scaffold"", ""bodies"": [""Uranus"", ""Neptune"", ""Pluto""], ""score_deg"": 5.513167664444544, ""p"": 0.004754979347332454}, {""module_id"": ""m018"", ""family_id"": ""f06_2025_sep10"", ""motif_id"": ""motif_018"", ""label"": ""Pluto\u2013Saturn\u2013Neptune\u2013Uranus outer ladder"", ""bodies"": [""Pluto"", ""Saturn"", ""Neptune"", ""Uranus""], ""score_deg"": 15.965631713683608, ""p"": 0.006072803356328799}, {""module_id"": ""m015"", ""family_id"": ""f05_2021_sep11"", ""motif_id"": ""motif_015"", ""label"": ""Pluto\u2013Saturn\u2013Jupiter\u2013Neptune\u2013Uranus expansion rail"", ""bodies"": [""Pluto"", ""Saturn"", ""Jupiter"", ""Neptune"", ""Uranus""], ""score_deg"": 45.563877129445856, ""p"": 0.017499351225103262}, {""module_id"": ""m004"", ""family_id"": ""f02_2026_sep17"", ""motif_id"": ""motif_004"", ""label"": ""Venus across Uranus\u2013Neptune\u2013Pluto scaffold"", ""bodies"": [""Venus"", ""Uranus"", ""Neptune"", ""Pluto""], ""score_deg"": 40.54326733065628, ""p"": 0.02659706753746675}, {""module_id"": ""m016"", ""family_id"": ""f05_2021_sep11"", ""motif_id"": ""motif_016"", ""label"": ""Mars\u2013Pluto\u2013Neptune 120+60 partition"", ""bodies"": [""Mars"", ""Pluto"", ""Neptune""], ""score_deg"": 20.778045311686196, ""p"": 0.04196762613265284}, {""module_id"": ""m022"", ""family_id"": ""f07_2008_sep15"", ""motif_id"": ""motif_022"", ""label"": ""Pluto\u2013Jupiter\u2013Neptune\u2013Uranus outer shell"", ""bodies"": [""Pluto"", ""Jupiter"", ""Neptune"", ""Uranus""], ""score_deg"": 59.822753061828706, ""p"": 0.0783706559114206}, {""module_id"": ""m039"", ""family_id"": ""f11_1913_dec23"", ""motif_id"": ""motif_039"", ""label"": ""Saturn opposite Mercury/Venus fork"", ""bodies"": [""Saturn"", ""Mercury"", ""Venus""], ""score_deg"": 31.057086713076643, ""p"": 0.11249351225103263}, {""module_id"": ""m044"", ""family_id"": ""f12_1929_oct24"", ""motif_id"": ""motif_044"", ""label"": ""Uranus\u2013Mercury/Venus\u2013Mars routing module"", ""bodies"": [""Uranus"", ""Mercury"", ""Venus"", ""Mars""], ""score_deg"": 48.336782008971724, ""p"": 0.13776329447892563}, {""module_id"": ""m059"", ""family_id"": ""f15_1918_spring"", ""motif_id"": ""motif_059"", ""label"": ""Apr 5 Pluto\u2013Mercury\u2013Neptune 30/60/90"", ""bodies"": [""Pluto"", ""Mercury"", ""Neptune""], ""score_deg"": 58.23452743013122, ""p"": 0.16704737138037673}, {""module_id"": ""m063"", ""family_id"": ""f15_1918_spring"", ""motif_id"": ""motif_063"", ""label"": ""May 22 Mercury\u2013Pluto\u2013Neptune triad"", ""bodies"": [""Mercury"", ""Pluto"", ""Neptune""], ""score_deg"": 59.32160554821038, ""p"": 0.17204428969961721}]}"
f16_2020_mar11,2020-03-11T12:00:00Z,0.5049715673779223,1,0,0,0.9524109453879477,0.04758905461205236,4.758905461205236,f05_2021_sep11;f07_2008_sep15;f04_2023_oct07;f13_1947_nov29;f06_2025_sep10;f08_1775_apr19,m015;m022;m012;m048;m018;m011;m026;m002,"{""families"": [{""family_id"": ""f05_2021_sep11"", ""p_bonf"": 0.0031262840336497913}, {""family_id"": ""f07_2008_sep15"", ""p_bonf"": 0.024621007331156335}, {""family_id"": ""f04_2023_oct07"", ""p_bonf"": 0.036477368569018835}, {""family_id"": ""f13_1947_nov29"", ""p_bonf"": 0.04971237646244674}, {""family_id"": ""f06_2025_sep10"", ""p_bonf"": 0.06350289786120543}, {""family_id"": ""f08_1775_apr19"", ""p_bonf"": 0.10301464068683636}, {""family_id"": ""f01_2026_sep01"", ""p_bonf"": 0.1046190069418914}, {""family_id"": ""f10_1978_dec11"", ""p_bonf"": 0.20002270712138578}], ""modules"": [{""module_id"": ""m015"", ""family_id"": ""f05_2021_sep11"", ""motif_id"": ""motif_015"", ""label"": ""Pluto\u2013Saturn\u2013Jupiter\u2013Neptune\u2013Uranus expansion rail"", ""bodies"": [""Pluto"", ""Saturn"", ""Jupiter"", ""Neptune"", ""Uranus""], ""score_deg"": 18.35589991927111, ""p"": 0.0010420946778832638}, {""module_id"": ""m022"", ""family_id"": ""f07_2008_sep15"", ""motif_id"": ""motif_022"", ""label"": ""Pluto\u2013Jupiter\u2013Neptune\u2013Uranus outer shell"", ""bodies"": [""Pluto"", ""Jupiter"", ""Neptune"", ""Uranus""], ""score_deg"": 20.08185226310112, ""p"": 0.008207002443718778}, {""module_id"": ""m012"", ""family_id"": ""f04_2023_oct07"", ""motif_id"": ""motif_012"", ""label"": ""Pluto\u2013Saturn\u2013Neptune\u2013Uranus routed scaffold"", ""bodies"": [""Pluto"", ""Saturn"", ""Neptune"", ""Uranus""], ""score_deg"": 18.16417265956349, ""p"": 0.009119342142254709}, {""module_id"": ""m048"", ""family_id"": ""f13_1947_nov29"", ""motif_id"": ""motif_048"", ""label"": ""Pluto\u2013Saturn\u2013Mars midpoint"", ""bodies"": [""Pluto"", ""Saturn"", ""Mars""], ""score_deg"": 17.065663883822705, ""p"": 0.012428094115611686}, {""module_id"": ""m018"", ""family_id"": ""f06_2025_sep10"", ""motif_id"": ""motif_018"", ""label"": ""Pluto\u2013Saturn\u2013Neptune\u2013Uranus outer ladder"", ""bodies"": [""Pluto"", ""Saturn"", ""Neptune"", ""Uranus""], ""score_deg"": 33.70014331425291, ""p"": 0.02116763262040181}, {""module_id"": ""m011"", ""family_id"": ""f04_2023_oct07"", ""motif_id"": ""motif_011"", ""label"": ""Pluto\u2013Neptune\u2013Uranus 60/60/120 triad"", ""bodies"": [""Pluto"", ""Neptune"", ""Uranus""], ""score_deg"": 10.953009449404819, ""p"": 0.024169568132177074}, {""module_id"": ""m026"", ""family_id"": ""f08_1775_apr19"", ""motif_id"": ""motif_026"", ""label"": ""Pluto\u2013Mercury\u2013Uranus 60+60=120"", ""bodies"": [""Pluto"", ""Mercury"", ""Uranus""], ""score_deg"": 23.407195528665355, ""p"": 0.02575366017170909}, {""module_id"": ""m002"", ""family_id"": ""f01_2026_sep01"", ""motif_id"": ""motif_002"", ""label"": ""Uranus\u2013Neptune\u2013Pluto slow scaffold"", ""bodies"": [""Uranus"", ""Neptune"", ""Pluto""], ""score_deg"": 16.46307477268726, ""p"": 0.0348730023139638}, {""module_id"": ""m014"", ""family_id"": ""f05_2021_sep11"", ""motif_id"": ""motif_014"", ""label"": ""Pluto-centered six-body directed hinge"", ""bodies"": [""Mars"", ""Pluto"", ""Saturn"", ""Jupiter"", ""Neptune"", ""Uranus""], ""score_deg"": 71.1470310044454, ""p"": 0.036082697173504034}, {""module_id"": ""m038"", ""family_id"": ""f10_1978_dec11"", ""motif_id"": ""motif_038"", ""label"": ""Eight-planet chained midpoint assembly"", ""bodies"": [""Mercury"", ""Venus"", ""Mars"", ""Jupiter"", ""Saturn"", ""Uranus"", ""Neptune"", ""Pluto""], ""score_deg"": 76.75986648255844, ""p"": 0.050005676780346446}, {""module_id"": ""m013"", ""family_id"": ""f04_2023_oct07"", ""motif_id"": ""motif_013"", ""label"": ""Joined six-body circuit"", ""bodies"": [""Venus"", ""Mars"", ""Pluto"", ""Saturn"", ""Neptune"", ""Uranus""], ""score_deg"": 83.55492806394545, ""p"": 0.08966474557211133}, {""module_id"": ""m035"", ""family_id"": ""f10_1978_dec11"", ""motif_id"": ""motif_035"", ""label"": ""Jupiter\u2013Saturn\u2013Pluto midpoint"", ""bodies"": [""Jupiter"", ""Saturn"", ""Pluto""], ""score_deg"": 47.60862301087507, ""p"": 0.09352630782206267}]}"
f11_1913_dec23,1913-12-23T12:00:00Z,0.47821209304516277,1,0,0,0.9498766650222003,0.0501233349777997,5.01233349777997,f08_1775_apr19;f13_1947_nov29;f02_2026_sep17;f01_2026_sep01;f09_1914_jun28;f03_2026_feb28,m027;m048;m029;m051;m064;m003;m067;m050,"{""families"": [{""family_id"": ""f08_1775_apr19"", ""p_bonf"": 0.0033249713457753943}, {""family_id"": ""f13_1947_nov29"", ""p_bonf"": 0.08531389892087109}, {""family_id"": ""f02_2026_sep17"", ""p_bonf"": 0.39843564153024374}, {""family_id"": ""f01_2026_sep01"", ""p_bonf"": 0.4168946389567699}, {""family_id"": ""f09_1914_jun28"", ""p_bonf"": 0.6290115914448217}, {""family_id"": ""f03_2026_feb28"", ""p_bonf"": 0.7400967215241885}, {""family_id"": ""f15_1918_spring"", ""p_bonf"": 0.7749940528967799}, {""family_id"": ""f06_2025_sep10"", ""p_bonf"": 0.9387853852641594}], ""modules"": [{""module_id"": ""m027"", ""family_id"": ""f08_1775_apr19"", ""motif_id"": ""motif_027"", ""label"": ""Mercury\u2013Uranus\u2013Saturn 60+120=180"", ""bodies"": [""Mercury"", ""Uranus"", ""Saturn""], ""score_deg"": 4.5068502127712105, ""p"": 0.0008312428364438486}, {""module_id"": ""m048"", ""family_id"": ""f13_1947_nov29"", ""motif_id"": ""motif_048"", ""label"": ""Pluto\u2013Saturn\u2013Mars midpoint"", ""bodies"": [""Pluto"", ""Saturn"", ""Mars""], ""score_deg"": 22.419345764720312, ""p"": 0.02132847473021777}, {""module_id"": ""m029"", ""family_id"": ""f08_1775_apr19"", ""motif_id"": ""motif_029"", ""label"": ""Eight-planet assembly"", ""bodies"": [""Mercury"", ""Venus"", ""Mars"", ""Jupiter"", ""Saturn"", ""Uranus"", ""Neptune"", ""Pluto""], ""score_deg"": 75.67292246027284, ""p"": 0.024526394325382235}, {""module_id"": ""m051"", ""family_id"": ""f13_1947_nov29"", ""motif_id"": ""motif_051"", ""label"": ""Eight-planet chained assembly"", ""bodies"": [""Mercury"", ""Venus"", ""Mars"", ""Jupiter"", ""Saturn"", ""Uranus"", ""Neptune"", ""Pluto""], ""score_deg"": 82.71337517937027, ""p"": 0.05969945502908674}, {""module_id"": ""m064"", ""family_id"": ""f15_1918_spring"", ""motif_id"": ""motif_064"", ""label"": ""May 22 Venus\u2013Jupiter\u2013Mars triad"", ""bodies"": [""Venus"", ""Jupiter"", ""Mars""], ""score_deg"": 62.86891006157531, ""p"": 0.11071343612811142}, {""module_id"": ""m003"", ""family_id"": ""f01_2026_sep01"", ""motif_id"": ""motif_003"", ""label"": ""Neptune bridge into Saturn and inner ladder"", ""bodies"": [""Neptune"", ""Saturn"", ""Mars"", ""Jupiter"", ""Mercury""], ""score_deg"": 81.45381633058226, ""p"": 0.13896487965225665}, {""module_id"": ""m067"", ""family_id"": ""f15_1918_spring"", ""motif_id"": ""motif_067"", ""label"": ""May 28 Mars/Jupiter plus Venus/Jupiter/Uranus"", ""bodies"": [""Mars"", ""Jupiter"", ""Venus"", ""Uranus""], ""score_deg"": 81.11373865584359, ""p"": 0.13925007028394715}, {""module_id"": ""m050"", ""family_id"": ""f13_1947_nov29"", ""motif_id"": ""motif_050"", ""label"": ""Mercury\u2013Jupiter\u2013Venus 20/20/40 planet rail"", ""bodies"": [""Mercury"", ""Jupiter"", ""Venus""], ""score_deg"": 39.16587304505189, ""p"": 0.1608502195021734}, {""module_id"": ""m028"", ""family_id"": ""f08_1775_apr19"", ""motif_id"": ""motif_028"", ""label"": ""Venus/Jupiter to Neptune/Mars fork"", ""bodies"": [""Venus"", ""Jupiter"", ""Neptune"", ""Mars""], ""score_deg"": 78.59574292172712, ""p"": 0.17052777837849528}, {""module_id"": ""m062"", ""family_id"": ""f15_1918_spring"", ""motif_id"": ""motif_062"", ""label"": ""Apr 17 Mercury\u2013Jupiter\u2013Venus 30/60/90"", ""bodies"": [""Mercury"", ""Jupiter"", ""Venus""], ""score_deg"": 50.146914755328005, ""p"": 0.17488538310157653}, {""module_id"": ""m065"", ""family_id"": ""f15_1918_spring"", ""motif_id"": ""motif_065"", ""label"": ""May 22 dual-triad six-body assembly"", ""bodies"": [""Mercury"", ""Pluto"", ""Neptune"", ""Venus"", ""Jupiter"", ""Mars""], ""score_deg"": 91.83517442692869, ""p"": 0.18901786293549014}, {""module_id"": ""m026"", ""family_id"": ""f08_1775_apr19"", ""motif_id"": ""motif_026"", ""label"": ""Pluto\u2013Mercury\u2013Uranus 60+60=120"", ""bodies"": [""Pluto"", ""Mercury"", ""Uranus""], ""score_deg"": 77.43332249701113, ""p"": 0.2643311671460392}]}"
f07_2008_sep15,2008-09-15T09:13:00Z,0.0,0,0,0,0.0,1.0,100.0,f02_2026_sep17;f12_1929_oct24;f05_2021_sep11;f01_2026_sep01;f03_2026_feb28;f04_2023_oct07,m004;m044;m059;m063;m014;m011;m015;m002,"{""families"": [{""family_id"": ""f02_2026_sep17"", ""p_bonf"": 0.019883598970610497}, {""family_id"": ""f12_1929_oct24"", ""p_bonf"": 0.1122650894228066}, {""family_id"": ""f05_2021_sep11"", ""p_bonf"": 0.15868223005557838}, {""family_id"": ""f01_2026_sep01"", ""p_bonf"": 0.199842942410415}, {""family_id"": ""f03_2026_feb28"", ""p_bonf"": 0.22194859540234857}, {""family_id"": ""f04_2023_oct07"", ""p_bonf"": 0.2264765035358232}, {""family_id"": ""f15_1918_spring"", ""p_bonf"": 0.26489749356631564}, {""family_id"": ""f10_1978_dec11"", ""p_bonf"": 0.4853863454510067}], ""modules"": [{""module_id"": ""m004"", ""family_id"": ""f02_2026_sep17"", ""motif_id"": ""motif_004"", ""label"": ""Venus across Uranus\u2013Neptune\u2013Pluto scaffold"", ""bodies"": [""Venus"", ""Uranus"", ""Neptune"", ""Pluto""], ""score_deg"": 35.37059914925669, ""p"": 0.019883598970610497}, {""module_id"": ""m044"", ""family_id"": ""f12_1929_oct24"", ""motif_id"": ""motif_044"", ""label"": ""Uranus\u2013Mercury/Venus\u2013Mars routing module"", ""bodies"": [""Uranus"", ""Mercury"", ""Venus"", ""Mars""], ""score_deg"": 26.633797715163237, ""p"": 0.02806627235570165}, {""module_id"": ""m059"", ""family_id"": ""f15_1918_spring"", ""motif_id"": ""motif_059"", ""label"": ""Apr 5 Pluto\u2013Mercury\u2013Neptune 30/60/90"", ""bodies"": [""Pluto"", ""Mercury"", ""Neptune""], ""score_deg"": 23.51672042377028, ""p"": 0.03784249908090223}, {""module_id"": ""m063"", ""family_id"": ""f15_1918_spring"", ""motif_id"": ""motif_063"", ""label"": ""May 22 Mercury\u2013Pluto\u2013Neptune triad"", ""bodies"": [""Mercury"", ""Pluto"", ""Neptune""], ""score_deg"": 24.468816279328543, ""p"": 0.040607902078242254}, {""module_id"": ""m014"", ""family_id"": ""f05_2021_sep11"", ""motif_id"": ""motif_014"", ""label"": ""Pluto-centered six-body directed hinge"", ""bodies"": [""Mars"", ""Pluto"", ""Saturn"", ""Jupiter"", ""Neptune"", ""Uranus""], ""score_deg"": 76.72394993534881, ""p"": 0.0528940766851928}, {""module_id"": ""m011"", ""family_id"": ""f04_2023_oct07"", ""motif_id"": ""motif_011"", ""label"": ""Pluto\u2013Neptune\u2013Uranus 60/60/120 triad"", ""bodies"": [""Pluto"", ""Neptune"", ""Uranus""], ""score_deg"": 24.94385222441838, ""p"": 0.0566191258839558}, {""module_id"": ""m015"", ""family_id"": ""f05_2021_sep11"", ""motif_id"": ""motif_015"", ""label"": ""Pluto\u2013Saturn\u2013Jupiter\u2013Neptune\u2013Uranus expansion rail"", ""bodies"": [""Pluto"", ""Saturn"", ""Jupiter"", ""Neptune"", ""Uranus""], ""score_deg"": 69.0290694968094, ""p"": 0.059387232110032225}, {""module_id"": ""m002"", ""family_id"": ""f01_2026_sep01"", ""motif_id"": ""motif_002"", ""label"": ""Uranus\u2013Neptune\u2013Pluto slow scaffold"", ""bodies"": [""Uranus"", ""Neptune"", ""Pluto""], ""score_deg"": 30.391041959763335, ""p"": 0.066614314136805}, {""module_id"": ""m043"", ""family_id"": ""f12_1929_oct24"", ""motif_id"": ""motif_043"", ""label"": ""Uranus opposite Mercury/Venus gate"", ""bodies"": [""Uranus"", ""Mercury"", ""Venus""], ""score_deg"": 23.738791130200944, ""p"": 0.0713179321381458}, {""module_id"": ""m016"", ""family_id"": ""f05_2021_sep11"", ""motif_id"": ""motif_016"", ""label"": ""Mars\u2013Pluto\u2013Neptune 120+60 partition"", ""bodies"": [""Mars"", ""Pluto"", ""Neptune""], ""score_deg"": 38.96228120356885, ""p"": 0.09390070500205445}, {""module_id"": ""m036"", ""family_id"": ""f10_1978_dec11"", ""motif_id"": ""motif_036"", ""label"": ""Pluto\u2013Uranus\u2013Neptune midpoint"", ""bodies"": [""Pluto"", ""Uranus"", ""Neptune""], ""score_deg"": 45.13323988815304, ""p"": 0.12134658636275167}, {""module_id"": ""m062"", ""family_id"": ""f15_1918_spring"", ""motif_id"": ""motif_062"", ""label"": ""Apr 17 Mercury\u2013Jupiter\u2013Venus 30/60/90"", ""bodies"": [""Mercury"", ""Jupiter"", ""Venus""], ""score_deg"": 46.45921889226189, ""p"": 0.15091720551026144}]}"
f09_1914_jun28,1914-06-28T09:45:00Z,0.0,0,0,0,0.0,1.0,100.0,f12_1929_oct24;f11_1913_dec23;f16_2020_mar11;f10_1978_dec11;f03_2026_feb28;f13_1947_nov29,m044;m040;m069;m037;m043;m046;m045;m048,"{""families"": [{""family_id"": ""f12_1929_oct24"", ""p_bonf"": 0.014516338314482818}, {""family_id"": ""f11_1913_dec23"", ""p_bonf"": 0.019078036807162475}, {""family_id"": ""f16_2020_mar11"", ""p_bonf"": 0.045857572284336415}, {""family_id"": ""f10_1978_dec11"", ""p_bonf"": 0.072889859648364}, {""family_id"": ""f03_2026_feb28"", ""p_bonf"": 0.24438944875759608}, {""family_id"": ""f13_1947_nov29"", ""p_bonf"": 0.3478676931727255}, {""family_id"": ""f07_2008_sep15"", ""p_bonf"": 0.4073657576609503}, {""family_id"": ""f02_2026_sep17"", ""p_bonf"": 0.4616263164723946}], ""modules"": [{""module_id"": ""m044"", ""family_id"": ""f12_1929_oct24"", ""motif_id"": ""motif_044"", ""label"": ""Uranus\u2013Mercury/Venus\u2013Mars routing module"", ""bodies"": [""Uranus"", ""Mercury"", ""Venus"", ""Mars""], ""score_deg"": 13.26776933237812, ""p"": 0.0036290845786207046}, {""module_id"": ""m040"", ""family_id"": ""f11_1913_dec23"", ""motif_id"": ""motif_040"", ""label"": ""Mars/Neptune opposite Jupiter/Uranus bundle"", ""bodies"": [""Mars"", ""Neptune"", ""Jupiter"", ""Uranus""], ""score_deg"": 27.873002346584233, ""p"": 0.006359345602387491}, {""module_id"": ""m069"", ""family_id"": ""f16_2020_mar11"", ""motif_id"": ""motif_069"", ""label"": ""Saturn\u2013Mercury\u2013Neptune 30/20/50 rail"", ""bodies"": [""Saturn"", ""Mercury"", ""Neptune""], ""score_deg"": 15.652933237330354, ""p"": 0.011464393071084104}, {""module_id"": ""m037"", ""family_id"": ""f10_1978_dec11"", ""motif_id"": ""motif_037"", ""label"": ""Mercury\u2013Neptune\u2013Mars midpoint"", ""bodies"": [""Mercury"", ""Neptune"", ""Mars""], ""score_deg"": 16.402681060126845, ""p"": 0.018222464912091}, {""module_id"": ""m043"", ""family_id"": ""f12_1929_oct24"", ""motif_id"": ""motif_043"", ""label"": ""Uranus opposite Mercury/Venus gate"", ""bodies"": [""Uranus"", ""Mercury"", ""Venus""], ""score_deg"": 14.435554647823482, ""p"": 0.025591466447524924}, {""module_id"": ""m046"", ""family_id"": ""f12_1929_oct24"", ""motif_id"": ""motif_046"", ""label"": ""Eight-planet assembly"", ""bodies"": [""Mercury"", ""Venus"", ""Mars"", ""Jupiter"", ""Saturn"", ""Uranus"", ""Neptune"", ""Pluto""], ""score_deg"": 72.68086694014586, ""p"": 0.03421882095975433}, {""module_id"": ""m045"", ""family_id"": ""f12_1929_oct24"", ""motif_id"": ""motif_045"", ""label"": ""Jupiter\u2013Pluto\u2013Mercury\u2013Mars ladder"", ""bodies"": [""Jupiter"", ""Pluto"", ""Mercury"", ""Mars""], ""score_deg"": 55.170317549054325, ""p"": 0.07465371639886681}, {""module_id"": ""m048"", ""family_id"": ""f13_1947_nov29"", ""motif_id"": ""motif_048"", ""label"": ""Pluto\u2013Saturn\u2013Mars midpoint"", ""bodies"": [""Pluto"", ""Saturn"", ""Mars""], ""score_deg"": 45.015833442055204, ""p"": 0.08696692329318137}, {""module_id"": ""m038"", ""family_id"": ""f10_1978_dec11"", ""motif_id"": ""motif_038"", ""label"": ""Eight-planet chained midpoint assembly"", ""bodies"": [""Mercury"", ""Venus"", ""Mars"", ""Jupiter"", ""Saturn"", ""Uranus"", ""Neptune"", ""Pluto""], ""score_deg"": 84.72365441059848, ""p"": 0.09720540213230683}, {""module_id"": ""m021"", ""family_id"": ""f07_2008_sep15"", ""motif_id"": ""motif_021"", ""label"": ""Mercury\u2013Venus\u2013Mars triple node"", ""bodies"": [""Mercury"", ""Venus"", ""Mars""], ""score_deg"": 25.088778986258347, ""p"": 0.13578858588698342}, {""module_id"": ""m035"", ""family_id"": ""f10_1978_dec11"", ""motif_id"": ""motif_035"", ""label"": ""Jupiter\u2013Saturn\u2013Pluto midpoint"", ""bodies"": [""Jupiter"", ""Saturn"", ""Pluto""], ""score_deg"": 62.5770206246238, ""p"": 0.16544300512532167}, {""module_id"": ""m051"", ""family_id"": ""f13_1947_nov29"", ""motif_id"": ""motif_051"", ""label"": ""Eight-planet chained assembly"", ""bodies"": [""Mercury"", ""Venus"", ""Mars"", ""Jupiter"", ""Saturn"", ""Uranus"", ""Neptune"", ""Pluto""], ""score_deg"": 93.5499545884273, ""p"": 0.17363784303972665}]}"
f08_1775_apr19,1775-04-19T12:00:00Z,0.0,0,0,0,0.0,1.0,100.0,f11_1913_dec23;f13_1947_nov29;f15_1918_spring;f14_2000_mar10;f04_2023_oct07;f03_2026_feb28,m041;m050;m040;m064;m067;m039;m057;m065,"{""families"": [{""family_id"": ""f11_1913_dec23"", ""p_bonf"": 0.07432527410739387}, {""family_id"": ""f13_1947_nov29"", ""p_bonf"": 0.22606020631041715}, {""family_id"": ""f15_1918_spring"", ""p_bonf"": 0.45911907181938105}, {""family_id"": ""f14_2000_mar10"", ""p_bonf"": 0.7526545706191475}, {""family_id"": ""f04_2023_oct07"", ""p_bonf"": 0.8814417940788478}, {""family_id"": ""f03_2026_feb28"", ""p_bonf"": 0.9258193486300037}, {""family_id"": ""f06_2025_sep10"", ""p_bonf"": 0.9453217923487813}, {""family_id"": ""f02_2026_sep17"", ""p_bonf"": 0.9835657208970394}], ""modules"": [{""module_id"": ""m041"", ""family_id"": ""f11_1913_dec23"", ""motif_id"": ""motif_041"", ""label"": ""Eight-planet double-rail assembly"", ""bodies"": [""Mercury"", ""Venus"", ""Mars"", ""Jupiter"", ""Saturn"", ""Uranus"", ""Neptune"", ""Pluto""], ""score_deg"": 75.67292246027284, ""p"": 0.02477509136913129}, {""module_id"": ""m050"", ""family_id"": ""f13_1947_nov29"", ""motif_id"": ""motif_050"", ""label"": ""Mercury\u2013Jupiter\u2013Venus 20/20/40 planet rail"", ""bodies"": [""Mercury"", ""Jupiter"", ""Venus""], ""score_deg"": 21.34440547693792, ""p"": 0.05651505157760429}, {""module_id"": ""m040"", ""family_id"": ""f11_1913_dec23"", ""motif_id"": ""motif_040"", ""label"": ""Mars/Neptune opposite Jupiter/Uranus bundle"", ""bodies"": [""Mars"", ""Neptune"", ""Jupiter"", ""Uranus""], ""score_deg"": 59.58855370429284, ""p"": 0.06465852814601761}, {""module_id"": ""m064"", ""family_id"": ""f15_1918_spring"", ""motif_id"": ""motif_064"", ""label"": ""May 22 Venus\u2013Jupiter\u2013Mars triad"", ""bodies"": [""Venus"", ""Jupiter"", ""Mars""], ""score_deg"": 50.078493011589146, ""p"": 0.06558843883134015}, {""module_id"": ""m067"", ""family_id"": ""f15_1918_spring"", ""motif_id"": ""motif_067"", ""label"": ""May 28 Mars/Jupiter plus Venus/Jupiter/Uranus"", ""bodies"": [""Mars"", ""Jupiter"", ""Venus"", ""Uranus""], ""score_deg"": 79.86401146433236, ""p"": 0.1321554464652581}, {""module_id"": ""m039"", ""family_id"": ""f11_1913_dec23"", ""motif_id"": ""motif_039"", ""label"": ""Saturn opposite Mercury/Venus fork"", ""bodies"": [""Saturn"", ""Mercury"", ""Venus""], ""score_deg"": 37.05025155436832, ""p"": 0.1553815877684306}, {""module_id"": ""m057"", ""family_id"": ""f14_2000_mar10"", ""motif_id"": ""motif_057"", ""label"": ""Eight-planet 7.5-degree lattice"", ""bodies"": [""Mercury"", ""Venus"", ""Mars"", ""Jupiter"", ""Saturn"", ""Uranus"", ""Neptune"", ""Pluto""], ""score_deg"": 91.03299301896446, ""p"": 0.18816364265478688}, {""module_id"": ""m065"", ""family_id"": ""f15_1918_spring"", ""motif_id"": ""motif_065"", ""label"": ""May 22 dual-triad six-body assembly"", ""bodies"": [""Mercury"", ""Pluto"", ""Neptune"", ""Venus"", ""Jupiter"", ""Mars""], ""score_deg"": 93.71500039550163, ""p"": 0.21273599186868797}, {""module_id"": ""m010"", ""family_id"": ""f04_2023_oct07"", ""motif_id"": ""motif_010"", ""label"": ""Venus\u2013Mars\u2013Pluto 60/90/150 triad"", ""bodies"": [""Venus"", ""Mars"", ""Pluto""], ""score_deg"": 66.92156903947084, ""p"": 0.22036044851971195}, {""module_id"": ""m017"", ""family_id"": ""f06_2025_sep10"", ""motif_id"": ""motif_017"", ""label"": ""Jupiter\u2013Venus\u2013Mercury\u2013Mars 0/30/60/90 ladder"", ""bodies"": [""Jupiter"", ""Venus"", ""Mercury"", ""Mars""], ""score_deg"": 71.33656234550034, ""p"": 0.31510726411626044}, {""module_id"": ""m066"", ""family_id"": ""f15_1918_spring"", ""motif_id"": ""motif_066"", ""label"": ""May 28 Venus equidistant Jupiter/Uranus"", ""bodies"": [""Venus"", ""Jupiter"", ""Uranus""], ""score_deg"": 85.37032845874172, ""p"": 0.3251348911139465}, {""module_id"": ""m003"", ""family_id"": ""f01_2026_sep01"", ""motif_id"": ""motif_003"", ""label"": ""Neptune bridge into Saturn and inner ladder"", ""bodies"": [""Neptune"", ""Saturn"", ""Mars"", ""Jupiter"", ""Mercury""], ""score_deg"": 101.81829226297764, ""p"": 0.37266846521485264}]}"
f10_1978_dec11,1978-12-11T12:00:00Z,0.0,0,0,0,0.0,1.0,100.0,f09_1914_jun28;f12_1929_oct24;f05_2021_sep11;f16_2020_mar11;f14_2000_mar10;f07_2008_sep15,m030;m045;m071;m054;m015;m028;m069;m022,"{""families"": [{""family_id"": ""f09_1914_jun28"", ""p_bonf"": 0.011296792889427133}, {""family_id"": ""f12_1929_oct24"", ""p_bonf"": 0.03571505806535326}, {""family_id"": ""f05_2021_sep11"", ""p_bonf"": 0.14416183689799095}, {""family_id"": ""f16_2020_mar11"", ""p_bonf"": 0.14769360524210118}, {""family_id"": ""f14_2000_mar10"", ""p_bonf"": 0.17969442702363703}, {""family_id"": ""f07_2008_sep15"", ""p_bonf"": 0.24869163729158106}, {""family_id"": ""f08_1775_apr19"", ""p_bonf"": 0.27005795722410847}, {""family_id"": ""f06_2025_sep10"", ""p_bonf"": 0.2738357193832313}], ""modules"": [{""module_id"": ""m030"", ""family_id"": ""f09_1914_jun28"", ""motif_id"": ""motif_030"", ""label"": ""Pluto\u2013Neptune/Mercury\u2013Mars 0/30/60 core"", ""bodies"": [""Pluto"", ""Neptune"", ""Mercury"", ""Mars""], ""score_deg"": 20.101701249545773, ""p"": 0.005648396444713566}, {""module_id"": ""m045"", ""family_id"": ""f12_1929_oct24"", ""motif_id"": ""motif_045"", ""label"": ""Jupiter\u2013Pluto\u2013Mercury\u2013Mars ladder"", ""bodies"": [""Jupiter"", ""Pluto"", ""Mercury"", ""Mars""], ""score_deg"": 27.084582152883456, ""p"": 0.008928764516338315}, {""module_id"": ""m071"", ""family_id"": ""f16_2020_mar11"", ""motif_id"": ""motif_071"", ""label"": ""Eight-planet chained assembly"", ""bodies"": [""Mercury"", ""Venus"", ""Mars"", ""Jupiter"", ""Saturn"", ""Uranus"", ""Neptune"", ""Pluto""], ""score_deg"": 76.75986648255844, ""p"": 0.036923401310525295}, {""module_id"": ""m054"", ""family_id"": ""f14_2000_mar10"", ""motif_id"": ""motif_054"", ""label"": ""Neptune\u2013Uranus\u2013Venus\u2013Mercury nested rail"", ""bodies"": [""Neptune"", ""Uranus"", ""Venus"", ""Mercury""], ""score_deg"": 35.03213571432291, ""p"": 0.04492360675590926}, {""module_id"": ""m015"", ""family_id"": ""f05_2021_sep11"", ""motif_id"": ""motif_015"", ""label"": ""Pluto\u2013Saturn\u2013Jupiter\u2013Neptune\u2013Uranus expansion rail"", ""bodies"": [""Pluto"", ""Saturn"", ""Jupiter"", ""Neptune"", ""Uranus""], ""score_deg"": 65.22461970081395, ""p"": 0.04805394563266365}, {""module_id"": ""m028"", ""family_id"": ""f08_1775_apr19"", ""motif_id"": ""motif_028"", ""label"": ""Venus/Jupiter to Neptune/Mars fork"", ""bodies"": [""Venus"", ""Jupiter"", ""Neptune"", ""Mars""], ""score_deg"": 57.10909946410282, ""p"": 0.06751448930602712}, {""module_id"": ""m069"", ""family_id"": ""f16_2020_mar11"", ""motif_id"": ""motif_069"", ""label"": ""Saturn\u2013Mercury\u2013Neptune 30/20/50 rail"", ""bodies"": [""Saturn"", ""Mercury"", ""Neptune""], ""score_deg"": 40.87719699981403, ""p"": 0.07879641443740404}, {""module_id"": ""m022"", ""family_id"": ""f07_2008_sep15"", ""motif_id"": ""motif_022"", ""label"": ""Pluto\u2013Jupiter\u2013Neptune\u2013Uranus outer shell"", ""bodies"": [""Pluto"", ""Jupiter"", ""Neptune"", ""Uranus""], ""score_deg"": 60.990062251270594, ""p"": 0.08289721243052701}, {""module_id"": ""m012"", ""family_id"": ""f04_2023_oct07"", ""motif_id"": ""motif_012"", ""label"": ""Pluto\u2013Saturn\u2013Neptune\u2013Uranus routed scaffold"", ""bodies"": [""Pluto"", ""Saturn"", ""Neptune"", ""Uranus""], ""score_deg"": 63.71138825657341, ""p"": 0.09003779113773491}, {""module_id"": ""m017"", ""family_id"": ""f06_2025_sep10"", ""motif_id"": ""motif_017"", ""label"": ""Jupiter\u2013Venus\u2013Mercury\u2013Mars 0/30/60/90 ladder"", ""bodies"": [""Jupiter"", ""Venus"", ""Mercury"", ""Mars""], ""score_deg"": 41.56341649526545, ""p"": 0.09127857312774378}, {""module_id"": ""m033"", ""family_id"": ""f09_1914_jun28"", ""motif_id"": ""motif_033"", ""label"": ""Eight-planet assembly"", ""bodies"": [""Mercury"", ""Venus"", ""Mars"", ""Jupiter"", ""Saturn"", ""Uranus"", ""Neptune"", ""Pluto""], ""score_deg"": 84.72365441059848, ""p"": 0.0933627624835103}, {""module_id"": ""m018"", ""family_id"": ""f06_2025_sep10"", ""motif_id"": ""motif_018"", ""label"": ""Pluto\u2013Saturn\u2013Neptune\u2013Uranus outer ladder"", ""bodies"": [""Pluto"", ""Saturn"", ""Neptune"", ""Uranus""], ""score_deg"": 74.48733254979277, ""p"": 0.12672195670508857}]}"
f12_1929_oct24,1929-10-24T12:00:00Z,0.0,0,0,0,0.0,1.0,100.0,f09_1914_jun28;f14_2000_mar10;f11_1913_dec23;f06_2025_sep10;f03_2026_feb28;f10_1978_dec11,m056;m033;m030;m040;m037;m017;m021;m028,"{""families"": [{""family_id"": ""f09_1914_jun28"", ""p_bonf"": 0.06877824874029541}, {""family_id"": ""f14_2000_mar10"", ""p_bonf"": 0.06905127484267208}, {""family_id"": ""f11_1913_dec23"", ""p_bonf"": 0.29782822603317405}, {""family_id"": ""f06_2025_sep10"", ""p_bonf"": 0.3969569754114314}, {""family_id"": ""f03_2026_feb28"", ""p_bonf"": 0.4387813304210549}, {""family_id"": ""f10_1978_dec11"", ""p_bonf"": 0.5238154451677083}, {""family_id"": ""f07_2008_sep15"", ""p_bonf"": 0.5416905451871715}, {""family_id"": ""f02_2026_sep17"", ""p_bonf"": 0.9631739149239852}], ""modules"": [{""module_id"": ""m056"", ""family_id"": ""f14_2000_mar10"", ""motif_id"": ""motif_056"", ""label"": ""Pluto\u2013Neptune\u2013Saturn 52.5+97.5=150 closure"", ""bodies"": [""Pluto"", ""Neptune"", ""Saturn""], ""score_deg"": 11.163129805618079, ""p"": 0.01726281871066802}, {""module_id"": ""m033"", ""family_id"": ""f09_1914_jun28"", ""motif_id"": ""motif_033"", ""label"": ""Eight-planet assembly"", ""bodies"": [""Mercury"", ""Venus"", ""Mars"", ""Jupiter"", ""Saturn"", ""Uranus"", ""Neptune"", ""Pluto""], ""score_deg"": 72.68086694014586, ""p"": 0.034389124370147704}, {""module_id"": ""m030"", ""family_id"": ""f09_1914_jun28"", ""motif_id"": ""motif_030"", ""label"": ""Pluto\u2013Neptune/Mercury\u2013Mars 0/30/60 core"", ""bodies"": [""Pluto"", ""Neptune"", ""Mercury"", ""Mars""], ""score_deg"": 38.2337782814351, ""p"": 0.03753027616184771}, {""module_id"": ""m040"", ""family_id"": ""f11_1913_dec23"", ""motif_id"": ""motif_040"", ""label"": ""Mars/Neptune opposite Jupiter/Uranus bundle"", ""bodies"": [""Mars"", ""Neptune"", ""Jupiter"", ""Uranus""], ""score_deg"": 68.1270322463116, ""p"": 0.09927607534439134}, {""module_id"": ""m037"", ""family_id"": ""f10_1978_dec11"", ""motif_id"": ""motif_037"", ""label"": ""Mercury\u2013Neptune\u2013Mars midpoint"", ""bodies"": [""Mercury"", ""Neptune"", ""Mars""], ""score_deg"": 44.7162234814375, ""p"": 0.13095386129192707}, {""module_id"": ""m017"", ""family_id"": ""f06_2025_sep10"", ""motif_id"": ""motif_017"", ""label"": ""Jupiter\u2013Venus\u2013Mercury\u2013Mars 0/30/60/90 ladder"", ""bodies"": [""Jupiter"", ""Venus"", ""Mercury"", ""Mars""], ""score_deg"": 48.25225903648843, ""p"": 0.13231899180381046}, {""module_id"": ""m021"", ""family_id"": ""f07_2008_sep15"", ""motif_id"": ""motif_021"", ""label"": ""Mercury\u2013Venus\u2013Mars triple node"", ""bodies"": [""Mercury"", ""Venus"", ""Mars""], ""score_deg"": 29.267878119260768, ""p"": 0.18056351506239052}, {""module_id"": ""m028"", ""family_id"": ""f08_1775_apr19"", ""motif_id"": ""motif_028"", ""label"": ""Venus/Jupiter to Neptune/Mars fork"", ""bodies"": [""Venus"", ""Jupiter"", ""Neptune"", ""Mars""], ""score_deg"": 91.08164213823285, ""p"": 0.2606696438225817}, {""module_id"": ""m067"", ""family_id"": ""f15_1918_spring"", ""motif_id"": ""motif_067"", ""label"": ""May 28 Mars/Jupiter plus Venus/Jupiter/Uranus"", ""bodies"": [""Mars"", ""Jupiter"", ""Venus"", ""Uranus""], ""score_deg"": 99.33071655556377, ""p"": 0.28141827598884106}, {""module_id"": ""m016"", ""family_id"": ""f05_2021_sep11"", ""motif_id"": ""motif_016"", ""label"": ""Mars\u2013Pluto\u2013Neptune 120+60 partition"", ""bodies"": [""Mars"", ""Pluto"", ""Neptune""], ""score_deg"": 101.39522307396034, ""p"": 0.39438215004000776}, {""module_id"": ""m036"", ""family_id"": ""f10_1978_dec11"", ""motif_id"": ""motif_036"", ""label"": ""Pluto\u2013Uranus\u2013Neptune midpoint"", ""bodies"": [""Pluto"", ""Uranus"", ""Neptune""], ""score_deg"": 101.09688950566054, ""p"": 0.4030000432516598}, {""module_id"": ""m018"", ""family_id"": ""f06_2025_sep10"", ""motif_id"": ""motif_018"", ""label"": ""Pluto\u2013Saturn\u2013Neptune\u2013Uranus outer ladder"", ""bodies"": [""Pluto"", ""Saturn"", ""Neptune"", ""Uranus""], ""score_deg"": 106.71154545202477, ""p"": 0.40724951882528493}]}"
f14_2000_mar10,2000-03-10T12:00:00Z,0.0,0,0,0,0.0,1.0,100.0,f03_2026_feb28;f09_1914_jun28;f16_2020_mar11;f01_2026_sep01;f10_1978_dec11;f04_2023_oct07,m070;m030;m066;m007;m036;m011;m002;m062,"{""families"": [{""family_id"": ""f03_2026_feb28"", ""p_bonf"": 0.06831194178326594}, {""family_id"": ""f09_1914_jun28"", ""p_bonf"": 0.09530232910187929}, {""family_id"": ""f16_2020_mar11"", ""p_bonf"": 0.11448714344412966}, {""family_id"": ""f01_2026_sep01"", ""p_bonf"": 0.2794151834951666}, {""family_id"": ""f10_1978_dec11"", ""p_bonf"": 0.2927921108972557}, {""family_id"": ""f04_2023_oct07"", ""p_bonf"": 0.3363032806383945}, {""family_id"": ""f15_1918_spring"", ""p_bonf"": 0.4055018814472005}, {""family_id"": ""f08_1775_apr19"", ""p_bonf"": 0.4701941999524232}], ""modules"": [{""module_id"": ""m070"", ""family_id"": ""f16_2020_mar11"", ""motif_id"": ""motif_070"", ""label"": ""Neptune\u2013Uranus/Venus double-node bridge"", ""bodies"": [""Neptune"", ""Uranus"", ""Venus""], ""score_deg"": 24.886997625825526, ""p"": 0.028621785861032416}, {""module_id"": ""m030"", ""family_id"": ""f09_1914_jun28"", ""motif_id"": ""motif_030"", ""label"": ""Pluto\u2013Neptune/Mercury\u2013Mars 0/30/60 core"", ""bodies"": [""Pluto"", ""Neptune"", ""Mercury"", ""Mars""], ""score_deg"": 42.18574488346047, ""p"": 0.047651164550939644}, {""module_id"": ""m066"", ""family_id"": ""f15_1918_spring"", ""motif_id"": ""motif_066"", ""label"": ""May 28 Venus equidistant Jupiter/Uranus"", ""bodies"": [""Venus"", ""Jupiter"", ""Uranus""], ""score_deg"": 35.43351949399746, ""p"": 0.05792884020674293}, {""module_id"": ""m007"", ""family_id"": ""f03_2026_feb28"", ""motif_id"": ""motif_007"", ""label"": ""Six-body dual-double-node parade"", ""bodies"": [""Mercury"", ""Venus"", ""Neptune"", ""Saturn"", ""Uranus"", ""Jupiter""], ""score_deg"": 69.11565051800775, ""p"": 0.06831194178326594}, {""module_id"": ""m036"", ""family_id"": ""f10_1978_dec11"", ""motif_id"": ""motif_036"", ""label"": ""Pluto\u2013Uranus\u2013Neptune midpoint"", ""bodies"": [""Pluto"", ""Uranus"", ""Neptune""], ""score_deg"": 32.28349208901906, ""p"": 0.07319802772431393}, {""module_id"": ""m011"", ""family_id"": ""f04_2023_oct07"", ""motif_id"": ""motif_011"", ""label"": ""Pluto\u2013Neptune\u2013Uranus 60/60/120 triad"", ""bodies"": [""Pluto"", ""Neptune"", ""Uranus""], ""score_deg"": 37.92849162497523, ""p"": 0.08407582015959862}, {""module_id"": ""m002"", ""family_id"": ""f01_2026_sep01"", ""motif_id"": ""motif_002"", ""label"": ""Uranus\u2013Neptune\u2013Pluto slow scaffold"", ""bodies"": [""Uranus"", ""Neptune"", ""Pluto""], ""score_deg"": 43.34684400745132, ""p"": 0.09313839449838887}, {""module_id"": ""m062"", ""family_id"": ""f15_1918_spring"", ""motif_id"": ""motif_062"", ""label"": ""Apr 17 Mercury\u2013Jupiter\u2013Venus 30/60/90"", ""bodies"": [""Mercury"", ""Jupiter"", ""Venus""], ""score_deg"": 37.23745966197071, ""p"": 0.09764467680197228}, {""module_id"": ""m029"", ""family_id"": ""f08_1775_apr19"", ""motif_id"": ""motif_029"", ""label"": ""Eight-planet assembly"", ""bodies"": [""Mercury"", ""Venus"", ""Mars"", ""Jupiter"", ""Saturn"", ""Uranus"", ""Neptune"", ""Pluto""], ""score_deg"": 91.03299301896446, ""p"": 0.1175485499881058}, {""module_id"": ""m037"", ""family_id"": ""f10_1978_dec11"", ""motif_id"": ""motif_037"", ""label"": ""Mercury\u2013Neptune\u2013Mars midpoint"", ""bodies"": [""Mercury"", ""Neptune"", ""Mars""], ""score_deg"": 45.67785772656835, ""p"": 0.1364806124435025}, {""module_id"": ""m026"", ""family_id"": ""f08_1775_apr19"", ""motif_id"": ""motif_026"", ""label"": ""Pluto\u2013Mercury\u2013Uranus 60+60=120"", ""bodies"": [""Pluto"", ""Mercury"", ""Uranus""], ""score_deg"": 54.82879576789271, ""p"": 0.13649412858718454}, {""module_id"": ""m067"", ""family_id"": ""f15_1918_spring"", ""motif_id"": ""motif_067"", ""label"": ""May 28 Mars/Jupiter plus Venus/Jupiter/Uranus"", ""bodies"": [""Mars"", ""Jupiter"", ""Venus"", ""Uranus""], ""score_deg"": 84.15607596181584, ""p"": 0.15792802923812202}]}"
f13_1947_nov29,1947-11-29T12:00:00Z,0.0,0,0,0,0.0,1.0,100.0,f11_1913_dec23;f01_2026_sep01;f09_1914_jun28;f16_2020_mar11;f03_2026_feb28;f12_1929_oct24,m041;m001;m069;m003;m030;m071;m043;m068,"{""families"": [{""family_id"": ""f11_1913_dec23"", ""p_bonf"": 0.14671233321078697}, {""family_id"": ""f01_2026_sep01"", ""p_bonf"": 0.23039618520360722}, {""family_id"": ""f09_1914_jun28"", ""p_bonf"": 0.29500875846110597}, {""family_id"": ""f16_2020_mar11"", ""p_bonf"": 0.3970394238878917}, {""family_id"": ""f03_2026_feb28"", ""p_bonf"": 0.4846997253519604}, {""family_id"": ""f12_1929_oct24"", ""p_bonf"": 0.6248242901321338}, {""family_id"": ""f10_1978_dec11"", ""p_bonf"": 0.8537391059881922}, {""family_id"": ""f02_2026_sep17"", ""p_bonf"": 0.9349346359291538}], ""modules"": [{""module_id"": ""m041"", ""family_id"": ""f11_1913_dec23"", ""motif_id"": ""motif_041"", ""label"": ""Eight-planet double-rail assembly"", ""bodies"": [""Mercury"", ""Venus"", ""Mars"", ""Jupiter"", ""Saturn"", ""Uranus"", ""Neptune"", ""Pluto""], ""score_deg"": 82.71337517937027, ""p"": 0.048904111070262324}, {""module_id"": ""m001"", ""family_id"": ""f01_2026_sep01"", ""motif_id"": ""motif_001"", ""label"": ""Saturn\u2013Mars\u2013Jupiter\u2013Mercury lattice"", ""bodies"": [""Saturn"", ""Mars"", ""Jupiter"", ""Mercury""], ""score_deg"": 56.00586171548396, ""p"": 0.0767987284012024}, {""module_id"": ""m069"", ""family_id"": ""f16_2020_mar11"", ""motif_id"": ""motif_069"", ""label"": ""Saturn\u2013Mercury\u2013Neptune 30/20/50 rail"", ""bodies"": [""Saturn"", ""Mercury"", ""Neptune""], ""score_deg"": 45.995513186454254, ""p"": 0.09925985597197293}, {""module_id"": ""m003"", ""family_id"": ""f01_2026_sep01"", ""motif_id"": ""motif_003"", ""label"": ""Neptune bridge into Saturn and inner ladder"", ""bodies"": [""Neptune"", ""Saturn"", ""Mars"", ""Jupiter"", ""Mercury""], ""score_deg"": 79.8938196560671, ""p"": 0.1294224822127549}, {""module_id"": ""m030"", ""family_id"": ""f09_1914_jun28"", ""motif_id"": ""motif_030"", ""label"": ""Pluto\u2013Neptune/Mercury\u2013Mars 0/30/60 core"", ""bodies"": [""Pluto"", ""Neptune"", ""Mercury"", ""Mars""], ""score_deg"": 67.35555834551707, ""p"": 0.14750437923055298}, {""module_id"": ""m071"", ""family_id"": ""f16_2020_mar11"", ""motif_id"": ""motif_071"", ""label"": ""Eight-planet chained assembly"", ""bodies"": [""Mercury"", ""Venus"", ""Mars"", ""Jupiter"", ""Saturn"", ""Uranus"", ""Neptune"", ""Pluto""], ""score_deg"": 91.91508991196417, ""p"": 0.151242944572998}, {""module_id"": ""m043"", ""family_id"": ""f12_1929_oct24"", ""motif_id"": ""motif_043"", ""label"": ""Uranus opposite Mercury/Venus gate"", ""bodies"": [""Uranus"", ""Mercury"", ""Venus""], ""score_deg"": 36.08368536120911, ""p"": 0.15620607253303345}, {""module_id"": ""m068"", ""family_id"": ""f16_2020_mar11"", ""motif_id"": ""motif_068"", ""label"": ""Mars\u2013Jupiter\u2013Pluto\u2013Saturn symmetric compression"", ""bodies"": [""Mars"", ""Jupiter"", ""Pluto"", ""Saturn""], ""score_deg"": 77.39560740951944, ""p"": 0.1614476330529184}, {""module_id"": ""m036"", ""family_id"": ""f10_1978_dec11"", ""motif_id"": ""motif_036"", ""label"": ""Pluto\u2013Uranus\u2013Neptune midpoint"", ""bodies"": [""Pluto"", ""Uranus"", ""Neptune""], ""score_deg"": 64.55043197598872, ""p"": 0.21343477649704806}, {""module_id"": ""m033"", ""family_id"": ""f09_1914_jun28"", ""motif_id"": ""motif_033"", ""label"": ""Eight-planet assembly"", ""bodies"": [""Mercury"", ""Venus"", ""Mars"", ""Jupiter"", ""Saturn"", ""Uranus"", ""Neptune"", ""Pluto""], ""score_deg"": 93.5499545884273, ""p"": 0.21483504898250472}, {""module_id"": ""m037"", ""family_id"": ""f10_1978_dec11"", ""motif_id"": ""motif_037"", ""label"": ""Mercury\u2013Neptune\u2013Mars midpoint"", ""bodies"": [""Mercury"", ""Neptune"", ""Mars""], ""score_deg"": 71.62625388033194, ""p"": 0.3090047252438312}, {""module_id"": ""m055"", ""family_id"": ""f14_2000_mar10"", ""motif_id"": ""motif_055"", ""label"": ""Neptune\u2013Mars\u2013Jupiter\u2013Saturn 75/90/97.5 rail"", ""bodies"": [""Neptune"", ""Mars"", ""Jupiter"", ""Saturn""], ""score_deg"": 98.16247045142447, ""p"": 0.32492403927250707}]}"
f15_1918_spring,1918-04-05T12:00:00Z,0.0,0,0,0,0.0,1.0,100.0,f11_1913_dec23;f02_2026_sep17;f09_1914_jun28;f13_1947_nov29;f16_2020_mar11;f10_1978_dec11,m041;m048;m068;m035;m028;m030;m029;m040,"{""families"": [{""family_id"": ""f11_1913_dec23"", ""p_bonf"": 0.07214376851711685}, {""family_id"": ""f02_2026_sep17"", ""p_bonf"": 0.27436825544430266}, {""family_id"": ""f09_1914_jun28"", ""p_bonf"": 0.2811438982720962}, {""family_id"": ""f13_1947_nov29"", ""p_bonf"": 0.2951763586427629}, {""family_id"": ""f16_2020_mar11"", ""p_bonf"": 0.34713241495642394}, {""family_id"": ""f10_1978_dec11"", ""p_bonf"": 0.40894984970048226}, {""family_id"": ""f08_1775_apr19"", ""p_bonf"": 0.5305464847213511}, {""family_id"": ""f05_2021_sep11"", ""p_bonf"": 0.7030935749659393}], ""modules"": [{""module_id"": ""m041"", ""family_id"": ""f11_1913_dec23"", ""motif_id"": ""motif_041"", ""label"": ""Eight-planet double-rail assembly"", ""bodies"": [""Mercury"", ""Venus"", ""Mars"", ""Jupiter"", ""Saturn"", ""Uranus"", ""Neptune"", ""Pluto""], ""score_deg"": 75.33955112381936, ""p"": 0.02404792283903895}, {""module_id"": ""m048"", ""family_id"": ""f13_1947_nov29"", ""motif_id"": ""motif_048"", ""label"": ""Pluto\u2013Saturn\u2013Mars midpoint"", ""bodies"": [""Pluto"", ""Saturn"", ""Mars""], ""score_deg"": 41.52695801815719, ""p"": 0.07379408966069073}, {""module_id"": ""m068"", ""family_id"": ""f16_2020_mar11"", ""motif_id"": ""motif_068"", ""label"": ""Mars\u2013Jupiter\u2013Pluto\u2013Saturn symmetric compression"", ""bodies"": [""Mars"", ""Jupiter"", ""Pluto"", ""Saturn""], ""score_deg"": 62.92715703129792, ""p"": 0.08678310373910599}, {""module_id"": ""m035"", ""family_id"": ""f10_1978_dec11"", ""motif_id"": ""motif_035"", ""label"": ""Jupiter\u2013Saturn\u2013Pluto midpoint"", ""bodies"": [""Jupiter"", ""Saturn"", ""Pluto""], ""score_deg"": 49.59342917311833, ""p"": 0.10223746242512056}, {""module_id"": ""m028"", ""family_id"": ""f08_1775_apr19"", ""motif_id"": ""motif_028"", ""label"": ""Venus/Jupiter to Neptune/Mars fork"", ""bodies"": [""Venus"", ""Jupiter"", ""Neptune"", ""Mars""], ""score_deg"": 71.82642912995036, ""p"": 0.13263662118033778}, {""module_id"": ""m030"", ""family_id"": ""f09_1914_jun28"", ""motif_id"": ""motif_030"", ""label"": ""Pluto\u2013Neptune/Mercury\u2013Mars 0/30/60 core"", ""bodies"": [""Pluto"", ""Neptune"", ""Mercury"", ""Mars""], ""score_deg"": 65.98122906345323, ""p"": 0.1405719491360481}, {""module_id"": ""m029"", ""family_id"": ""f08_1775_apr19"", ""motif_id"": ""motif_029"", ""label"": ""Eight-planet assembly"", ""bodies"": [""Mercury"", ""Venus"", ""Mars"", ""Jupiter"", ""Saturn"", ""Uranus"", ""Neptune"", ""Pluto""], ""score_deg"": 92.9464221429026, ""p"": 0.14326166172876884}, {""module_id"": ""m040"", ""family_id"": ""f11_1913_dec23"", ""motif_id"": ""motif_040"", ""label"": ""Mars/Neptune opposite Jupiter/Uranus bundle"", ""bodies"": [""Mars"", ""Neptune"", ""Jupiter"", ""Uranus""], ""score_deg"": 81.37727654337627, ""p"": 0.1724227417227136}, {""module_id"": ""m015"", ""family_id"": ""f05_2021_sep11"", ""motif_id"": ""motif_015"", ""label"": ""Pluto\u2013Saturn\u2013Jupiter\u2013Neptune\u2013Uranus expansion rail"", ""bodies"": [""Pluto"", ""Saturn"", ""Jupiter"", ""Neptune"", ""Uranus""], ""score_deg"": 96.11610670086685, ""p"": 0.23436452498864643}, {""module_id"": ""m012"", ""family_id"": ""f04_2023_oct07"", ""motif_id"": ""motif_012"", ""label"": ""Pluto\u2013Saturn\u2013Neptune\u2013Uranus routed scaffold"", ""bodies"": [""Pluto"", ""Saturn"", ""Neptune"", ""Uranus""], ""score_deg"": 91.70338552106728, ""p"": 0.25655803291451307}, {""module_id"": ""m055"", ""family_id"": ""f14_2000_mar10"", ""motif_id"": ""motif_055"", ""label"": ""Neptune\u2013Mars\u2013Jupiter\u2013Saturn 75/90/97.5 rail"", ""bodies"": [""Neptune"", ""Mars"", ""Jupiter"", ""Saturn""], ""score_deg"": 91.06388678041401, ""p"": 0.26120623472675764}, {""module_id"": ""m018"", ""family_id"": ""f06_2025_sep10"", ""motif_id"": ""motif_018"", ""label"": ""Pluto\u2013Saturn\u2013Neptune\u2013Uranus outer ladder"", ""bodies"": [""Pluto"", ""Saturn"", ""Neptune"", ""Uranus""], ""score_deg"": 93.9341902729823, ""p"": 0.2729274345278}]}"
f15_1918_spring,1918-04-17T12:00:00Z,0.0,0,0,0,0.0,1.0,100.0,f11_1913_dec23;f09_1914_jun28;f02_2026_sep17;f13_1947_nov29;f16_2020_mar11;f10_1978_dec11,m041;m048;m068;m035;m028;m030;m029;m040,"{""families"": [{""family_id"": ""f11_1913_dec23"", ""p_bonf"": 0.09802583205380508}, {""family_id"": ""f09_1914_jun28"", ""p_bonf"": 0.23121526351073723}, {""family_id"": ""f02_2026_sep17"", ""p_bonf"": 0.2522409766224779}, {""family_id"": ""f13_1947_nov29"", ""p_bonf"": 0.2717339590406782}, {""family_id"": ""f16_2020_mar11"", ""p_bonf"": 0.3083843342488268}, {""family_id"": ""f10_1978_dec11"", ""p_bonf"": 0.4139129776605177}, {""family_id"": ""f08_1775_apr19"", ""p_bonf"": 0.41412923595942996}, {""family_id"": ""f05_2021_sep11"", ""p_bonf"": 0.6842709932743669}], ""modules"": [{""module_id"": ""m041"", ""family_id"": ""f11_1913_dec23"", ""motif_id"": ""motif_041"", ""label"": ""Eight-planet double-rail assembly"", ""bodies"": [""Mercury"", ""Venus"", ""Mars"", ""Jupiter"", ""Saturn"", ""Uranus"", ""Neptune"", ""Pluto""], ""score_deg"": 78.46325129289853, ""p"": 0.03267527735126836}, {""module_id"": ""m048"", ""family_id"": ""f13_1947_nov29"", ""motif_id"": ""motif_048"", ""label"": ""Pluto\u2013Saturn\u2013Mars midpoint"", ""bodies"": [""Pluto"", ""Saturn"", ""Mars""], ""score_deg"": 39.84486357094895, ""p"": 0.06793348976016955}, {""module_id"": ""m068"", ""family_id"": ""f16_2020_mar11"", ""motif_id"": ""motif_068"", ""label"": ""Mars\u2013Jupiter\u2013Pluto\u2013Saturn symmetric compression"", ""bodies"": [""Mars"", ""Jupiter"", ""Pluto"", ""Saturn""], ""score_deg"": 60.47601713377511, ""p"": 0.0770960835622067}, {""module_id"": ""m035"", ""family_id"": ""f10_1978_dec11"", ""motif_id"": ""motif_035"", ""label"": ""Jupiter\u2013Saturn\u2013Pluto midpoint"", ""bodies"": [""Jupiter"", ""Saturn"", ""Pluto""], ""score_deg"": 49.88675993150427, ""p"": 0.10347824441512943}, {""module_id"": ""m028"", ""family_id"": ""f08_1775_apr19"", ""motif_id"": ""motif_028"", ""label"": ""Venus/Jupiter to Neptune/Mars fork"", ""bodies"": [""Venus"", ""Jupiter"", ""Neptune"", ""Mars""], ""score_deg"": 65.89985139620714, ""p"": 0.10353230898985749}, {""module_id"": ""m030"", ""family_id"": ""f09_1914_jun28"", ""motif_id"": ""motif_030"", ""label"": ""Pluto\u2013Neptune/Mercury\u2013Mars 0/30/60 core"", ""bodies"": [""Pluto"", ""Neptune"", ""Mercury"", ""Mars""], ""score_deg"": 60.73711653475223, ""p"": 0.11560763175536862}, {""module_id"": ""m029"", ""family_id"": ""f08_1775_apr19"", ""motif_id"": ""motif_029"", ""label"": ""Eight-planet assembly"", ""bodies"": [""Mercury"", ""Venus"", ""Mars"", ""Jupiter"", ""Saturn"", ""Uranus"", ""Neptune"", ""Pluto""], ""score_deg"": 92.76060467397888, ""p"": 0.1405868168940983}, {""module_id"": ""m040"", ""family_id"": ""f11_1913_dec23"", ""motif_id"": ""motif_040"", ""label"": ""Mars/Neptune opposite Jupiter/Uranus bundle"", ""bodies"": [""Mars"", ""Neptune"", ""Jupiter"", ""Uranus""], ""score_deg"": 82.74345338024914, ""p"": 0.18225979109448326}, {""module_id"": ""m015"", ""family_id"": ""f05_2021_sep11"", ""motif_id"": ""motif_015"", ""label"": ""Pluto\u2013Saturn\u2013Jupiter\u2013Neptune\u2013Uranus expansion rail"", ""bodies"": [""Pluto"", ""Saturn"", ""Jupiter"", ""Neptune"", ""Uranus""], ""score_deg"": 95.59973733695485, ""p"": 0.22809033109145563}, {""module_id"": ""m055"", ""family_id"": ""f14_2000_mar10"", ""motif_id"": ""motif_055"", ""label"": ""Neptune\u2013Mars\u2013Jupiter\u2013Saturn 75/90/97.5 rail"", ""bodies"": [""Neptune"", ""Mars"", ""Jupiter"", ""Saturn""], ""score_deg"": 89.21927607973966, ""p"": 0.24618709586730392}, {""module_id"": ""m004"", ""family_id"": ""f02_2026_sep17"", ""motif_id"": ""motif_004"", ""label"": ""Venus across Uranus\u2013Neptune\u2013Pluto scaffold"", ""bodies"": [""Venus"", ""Uranus"", ""Neptune"", ""Pluto""], ""score_deg"": 92.75877920089806, ""p"": 0.2522409766224779}, {""module_id"": ""m012"", ""family_id"": ""f04_2023_oct07"", ""motif_id"": ""motif_012"", ""label"": ""Pluto\u2013Saturn\u2013Neptune\u2013Uranus routed scaffold"", ""bodies"": [""Pluto"", ""Saturn"", ""Neptune"", ""Uranus""], ""score_deg"": 92.0136011180552, ""p"": 0.25854760926450554}]}"
f15_1918_spring,1918-05-22T10:10:35Z,0.0,0,0,0,0.0,1.0,100.0,f11_1913_dec23;f02_2026_sep17;f08_1775_apr19;f09_1914_jun28;f16_2020_mar11;f13_1947_nov29,m041;m028;m068;m048;m035;m029;m030;m033,"{""families"": [{""family_id"": ""f11_1913_dec23"", ""p_bonf"": 0.15004135939966695}, {""family_id"": ""f02_2026_sep17"", ""p_bonf"": 0.20616849765359746}, {""family_id"": ""f08_1775_apr19"", ""p_bonf"": 0.22650894228066001}, {""family_id"": ""f09_1914_jun28"", ""p_bonf"": 0.2741587552172315}, {""family_id"": ""f16_2020_mar11"", ""p_bonf"": 0.29032676628965637}, {""family_id"": ""f13_1947_nov29"", ""p_bonf"": 0.30095586168119204}, {""family_id"": ""f10_1978_dec11"", ""p_bonf"": 0.4513959473194784}, {""family_id"": ""f03_2026_feb28"", ""p_bonf"": 0.5533995804589001}], ""modules"": [{""module_id"": ""m041"", ""family_id"": ""f11_1913_dec23"", ""motif_id"": ""motif_041"", ""label"": ""Eight-planet double-rail assembly"", ""bodies"": [""Mercury"", ""Venus"", ""Mars"", ""Jupiter"", ""Saturn"", ""Uranus"", ""Neptune"", ""Pluto""], ""score_deg"": 82.92285788621122, ""p"": 0.05001378646655565}, {""module_id"": ""m028"", ""family_id"": ""f08_1775_apr19"", ""motif_id"": ""motif_028"", ""label"": ""Venus/Jupiter to Neptune/Mars fork"", ""bodies"": [""Venus"", ""Jupiter"", ""Neptune"", ""Mars""], ""score_deg"": 53.75174322467577, ""p"": 0.056627235570165003}, {""module_id"": ""m068"", ""family_id"": ""f16_2020_mar11"", ""motif_id"": ""motif_068"", ""label"": ""Mars\u2013Jupiter\u2013Pluto\u2013Saturn symmetric compression"", ""bodies"": [""Mars"", ""Jupiter"", ""Pluto"", ""Saturn""], ""score_deg"": 59.34422812156033, ""p"": 0.07258169157241409}, {""module_id"": ""m048"", ""family_id"": ""f13_1947_nov29"", ""motif_id"": ""motif_048"", ""label"": ""Pluto\u2013Saturn\u2013Mars midpoint"", ""bodies"": [""Pluto"", ""Saturn"", ""Mars""], ""score_deg"": 41.9224647062166, ""p"": 0.07523896542029801}, {""module_id"": ""m035"", ""family_id"": ""f10_1978_dec11"", ""motif_id"": ""motif_035"", ""label"": ""Jupiter\u2013Saturn\u2013Pluto midpoint"", ""bodies"": [""Jupiter"", ""Saturn"", ""Pluto""], ""score_deg"": 51.87393329519623, ""p"": 0.1128489868298696}, {""module_id"": ""m029"", ""family_id"": ""f08_1775_apr19"", ""motif_id"": ""motif_029"", ""label"": ""Eight-planet assembly"", ""bodies"": [""Mercury"", ""Venus"", ""Mars"", ""Jupiter"", ""Saturn"", ""Uranus"", ""Neptune"", ""Pluto""], ""score_deg"": 91.85465899245573, ""p"": 0.127946519322679}, {""module_id"": ""m030"", ""family_id"": ""f09_1914_jun28"", ""motif_id"": ""motif_030"", ""label"": ""Pluto\u2013Neptune/Mercury\u2013Mars 0/30/60 core"", ""bodies"": [""Pluto"", ""Neptune"", ""Mercury"", ""Mars""], ""score_deg"": 65.29232008420529, ""p"": 0.13707937760861574}, {""module_id"": ""m033"", ""family_id"": ""f09_1914_jun28"", ""motif_id"": ""motif_033"", ""label"": ""Eight-planet assembly"", ""bodies"": [""Mercury"", ""Venus"", ""Mars"", ""Jupiter"", ""Saturn"", ""Uranus"", ""Neptune"", ""Pluto""], ""score_deg"": 92.0525945713916, ""p"": 0.18823392660193336}, {""module_id"": ""m015"", ""family_id"": ""f05_2021_sep11"", ""motif_id"": ""motif_015"", ""label"": ""Pluto\u2013Saturn\u2013Jupiter\u2013Neptune\u2013Uranus expansion rail"", ""bodies"": [""Pluto"", ""Saturn"", ""Jupiter"", ""Neptune"", ""Uranus""], ""score_deg"": 93.51355300292025, ""p"": 0.20453980233991478}, {""module_id"": ""m004"", ""family_id"": ""f02_2026_sep17"", ""motif_id"": ""motif_004"", ""label"": ""Venus across Uranus\u2013Neptune\u2013Pluto scaffold"", ""bodies"": [""Venus"", ""Uranus"", ""Neptune"", ""Pluto""], ""score_deg"": 86.28710150619243, ""p"": 0.20616849765359746}, {""module_id"": ""m040"", ""family_id"": ""f11_1913_dec23"", ""motif_id"": ""motif_040"", ""label"": ""Mars/Neptune opposite Jupiter/Uranus bundle"", ""bodies"": [""Mars"", ""Neptune"", ""Jupiter"", ""Uranus""], ""score_deg"": 87.32560356472771, ""p"": 0.2140348932765295}, {""module_id"": ""m055"", ""family_id"": ""f14_2000_mar10"", ""motif_id"": ""motif_055"", ""label"": ""Neptune\u2013Mars\u2013Jupiter\u2013Saturn 75/90/97.5 rail"", ""bodies"": [""Neptune"", ""Mars"", ""Jupiter"", ""Saturn""], ""score_deg"": 85.85665502205319, ""p"": 0.2196332799896196}]}"
f15_1918_spring,1918-05-28T12:00:00Z,0.0,0,0,0,0.0,1.0,100.0,f02_2026_sep17;f11_1913_dec23;f08_1775_apr19;f09_1914_jun28;f16_2020_mar11;f13_1947_nov29,m028;m041;m068;m048;m035;m030;m029;m033,"{""families"": [{""family_id"": ""f02_2026_sep17"", ""p_bonf"": 0.20254211630371316}, {""family_id"": ""f11_1913_dec23"", ""p_bonf"": 0.20360989165459223}, {""family_id"": ""f08_1775_apr19"", ""p_bonf"": 0.21419843861508187}, {""family_id"": ""f09_1914_jun28"", ""p_bonf"": 0.23917086568197055}, {""family_id"": ""f16_2020_mar11"", ""p_bonf"": 0.2993879890140784}, {""family_id"": ""f13_1947_nov29"", ""p_bonf"": 0.3198676499210657}, {""family_id"": ""f10_1978_dec11"", ""p_bonf"": 0.460662615427867}, {""family_id"": ""f03_2026_feb28"", ""p_bonf"": 0.5486229752816765}], ""modules"": [{""module_id"": ""m028"", ""family_id"": ""f08_1775_apr19"", ""motif_id"": ""motif_028"", ""label"": ""Venus/Jupiter to Neptune/Mars fork"", ""bodies"": [""Venus"", ""Jupiter"", ""Neptune"", ""Mars""], ""score_deg"": 52.73668910517611, ""p"": 0.053549609653770466}, {""module_id"": ""m041"", ""family_id"": ""f11_1913_dec23"", ""motif_id"": ""motif_041"", ""label"": ""Eight-planet double-rail assembly"", ""bodies"": [""Mercury"", ""Venus"", ""Mars"", ""Jupiter"", ""Saturn"", ""Uranus"", ""Neptune"", ""Pluto""], ""score_deg"": 85.84282216545323, ""p"": 0.06786996388486408}, {""module_id"": ""m068"", ""family_id"": ""f16_2020_mar11"", ""motif_id"": ""motif_068"", ""label"": ""Mars\u2013Jupiter\u2013Pluto\u2013Saturn symmetric compression"", ""bodies"": [""Mars"", ""Jupiter"", ""Pluto"", ""Saturn""], ""score_deg"": 59.90995103724031, ""p"": 0.0748469972535196}, {""module_id"": ""m048"", ""family_id"": ""f13_1947_nov29"", ""motif_id"": ""motif_048"", ""label"": ""Pluto\u2013Saturn\u2013Mars midpoint"", ""bodies"": [""Pluto"", ""Saturn"", ""Mars""], ""score_deg"": 43.121752546731535, ""p"": 0.07996691248026642}, {""module_id"": ""m035"", ""family_id"": ""f10_1978_dec11"", ""motif_id"": ""motif_035"", ""label"": ""Jupiter\u2013Saturn\u2013Pluto midpoint"", ""bodies"": [""Jupiter"", ""Saturn"", ""Pluto""], ""score_deg"": 52.3656692092222, ""p"": 0.11516565385696675}, {""module_id"": ""m030"", ""family_id"": ""f09_1914_jun28"", ""motif_id"": ""motif_030"", ""label"": ""Pluto\u2013Neptune/Mercury\u2013Mars 0/30/60 core"", ""bodies"": [""Pluto"", ""Neptune"", ""Mercury"", ""Mars""], ""score_deg"": 61.64200427320241, ""p"": 0.11958543284098527}, {""module_id"": ""m029"", ""family_id"": ""f08_1775_apr19"", ""motif_id"": ""motif_029"", ""label"": ""Eight-planet assembly"", ""bodies"": [""Mercury"", ""Venus"", ""Mars"", ""Jupiter"", ""Saturn"", ""Uranus"", ""Neptune"", ""Pluto""], ""score_deg"": 92.87837125611205, ""p"": 0.1422344348089358}, {""module_id"": ""m033"", ""family_id"": ""f09_1914_jun28"", ""motif_id"": ""motif_033"", ""label"": ""Eight-planet assembly"", ""bodies"": [""Mercury"", ""Venus"", ""Mars"", ""Jupiter"", ""Saturn"", ""Uranus"", ""Neptune"", ""Pluto""], ""score_deg"": 90.18944558992486, ""p"": 0.1595783503816959}, {""module_id"": ""m015"", ""family_id"": ""f05_2021_sep11"", ""motif_id"": ""motif_015"", ""label"": ""Pluto\u2013Saturn\u2013Jupiter\u2013Neptune\u2013Uranus expansion rail"", ""bodies"": [""Pluto"", ""Saturn"", ""Jupiter"", ""Neptune"", ""Uranus""], ""score_deg"": 93.07412667233058, ""p"": 0.20056875932613913}, {""module_id"": ""m004"", ""family_id"": ""f02_2026_sep17"", ""motif_id"": ""motif_004"", ""label"": ""Venus across Uranus\u2013Neptune\u2013Pluto scaffold"", ""bodies"": [""Venus"", ""Uranus"", ""Neptune"", ""Pluto""], ""score_deg"": 85.75448300383783, ""p"": 0.20254211630371316}, {""module_id"": ""m046"", ""family_id"": ""f12_1929_oct24"", ""motif_id"": ""motif_046"", ""label"": ""Eight-planet assembly"", ""bodies"": [""Mercury"", ""Venus"", ""Mars"", ""Jupiter"", ""Saturn"", ""Uranus"", ""Neptune"", ""Pluto""], ""score_deg"": 93.52427286471693, ""p"": 0.21102484807854502}, {""module_id"": ""m055"", ""family_id"": ""f14_2000_mar10"", ""motif_id"": ""motif_055"", ""label"": ""Neptune\u2013Mars\u2013Jupiter\u2013Saturn 75/90/97.5 rail"", ""bodies"": [""Neptune"", ""Mars"", ""Jupiter"", ""Saturn""], ""score_deg"": 85.53988572158069, ""p"": 0.21720983542743452}]}"
