rank,date_12ut,jd,robust_score,matched_unique_modules,selected_modules_json
1,1594-02-21T12:00:00Z,2303308.0,3.6592607498168945,2,"[{""module_id"":""1913_S_Merc_V"",""source_group"":""1913-12-23"",""family_id"":""F15_D_Mercury-Saturn-Venus"",""excess_surprisal"":2.5681910514831543,""n_bodies"":3,""note"":""Saturn opposite Mercury/Venus fork""},{""module_id"":""1775_Merc_U_S"",""source_group"":""1775-04-19"",""family_id"":""F14_D_Mercury-Saturn-Uranus"",""excess_surprisal"":1.0910696983337402,""n_bodies"":3,""note"":""Mercury\u2013Uranus\u2013Saturn 60/120/180 module""}]"
2,1504-01-25T12:00:00Z,2270408.0,3.0910592079162598,2,"[{""module_id"":""1775_Merc_U_S"",""source_group"":""1775-04-19"",""family_id"":""F14_D_Mercury-Saturn-Uranus"",""excess_surprisal"":2.3920998573303223,""n_bodies"":3,""note"":""Mercury\u2013Uranus\u2013Saturn 60/120/180 module""},{""module_id"":""1913_S_Merc_V"",""source_group"":""1913-12-23"",""family_id"":""F15_D_Mercury-Saturn-Venus"",""excess_surprisal"":0.6989593505859375,""n_bodies"":3,""note"":""Saturn opposite Mercury/Venus fork""}]"
3,1684-02-06T12:00:00Z,2336165.0,2.8745245933532715,2,"[{""module_id"":""1913_S_Merc_V"",""source_group"":""1913-12-23"",""family_id"":""F15_D_Mercury-Saturn-Venus"",""excess_surprisal"":1.6387720108032227,""n_bodies"":3,""note"":""Saturn opposite Mercury/Venus fork""},{""module_id"":""1775_Merc_U_S"",""source_group"":""1775-04-19"",""family_id"":""F14_D_Mercury-Saturn-Uranus"",""excess_surprisal"":1.2357525825500488,""n_bodies"":3,""note"":""Mercury\u2013Uranus\u2013Saturn 60/120/180 module""}]"
4,0976-04-09T12:00:00Z,2077636.0,2.8692212104797363,1,"[{""module_id"":""2026B_N_P_V"",""source_group"":""2026-09-17"",""family_id"":""F21_D_Neptune-Pluto-Venus"",""excess_surprisal"":2.8692212104797363,""n_bodies"":3,""note"":""Neptune\u2013Pluto\u2013Venus 60/90/150 triad""}]"
5,0994-07-30T12:00:00Z,2084322.0,2.8692212104797363,1,"[{""module_id"":""2026B_N_U_V"",""source_group"":""2026-09-17"",""family_id"":""F23_D_Neptune-Uranus-Venus"",""excess_surprisal"":2.8692212104797363,""n_bodies"":3,""note"":""Venus near antipode of Uranus\u2013Neptune midpoint""}]"
6,0487-09-03T12:00:00Z,1899179.0,2.8692212104797363,1,"[{""module_id"":""1918C_V_J_M"",""source_group"":""1918-05-22"",""family_id"":""F01_D_Jupiter-Mars-Venus"",""excess_surprisal"":2.8692212104797363,""n_bodies"":3,""note"":""May 22 Venus\u2013Jupiter\u2013Mars triad""}]"
7,0898-03-31T12:00:00Z,2049138.0,2.711500644683838,2,"[{""module_id"":""1978_Merc_N_M"",""source_group"":""1978-12-11"",""family_id"":""F05_D_Mars-Mercury-Neptune"",""excess_surprisal"":1.5904674530029297,""n_bodies"":3,""note"":""Mercury\u2013Neptune\u2013Mars midpoint""},{""module_id"":""1918B_Merc_J_V"",""source_group"":""1918-04-17"",""family_id"":""F02_D_Jupiter-Mercury-Venus"",""excess_surprisal"":1.1210331916809082,""n_bodies"":3,""note"":""April 17 Mercury\u2013Jupiter\u2013Venus 30/60/90""}]"
8,0279-06-09T12:00:00Z,1823122.0,2.6654577255249023,2,"[{""module_id"":""1775_Merc_U_S"",""source_group"":""1775-04-19"",""family_id"":""F14_D_Mercury-Saturn-Uranus"",""excess_surprisal"":2.024123191833496,""n_bodies"":3,""note"":""Mercury\u2013Uranus\u2013Saturn 60/120/180 module""},{""module_id"":""1913_S_Merc_V"",""source_group"":""1913-12-23"",""family_id"":""F15_D_Mercury-Saturn-Venus"",""excess_surprisal"":0.6413345336914062,""n_bodies"":3,""note"":""Saturn opposite Mercury/Venus fork""}]"
9,1487-06-07T12:00:00Z,2264333.0,2.5681910514831543,1,"[{""module_id"":""1929_U_Merc_V_M"",""source_group"":""1929-10-24"",""family_id"":""F34_D_Mars-Mercury-Uranus-Venus"",""excess_surprisal"":2.5681910514831543,""n_bodies"":4,""note"":""Opposition gate plus 30-degree Mars routing""}]"
10,0861-11-29T12:00:00Z,2035867.0,2.5681910514831543,1,"[{""module_id"":""2023_P_V_M"",""source_group"":""2023-10-07"",""family_id"":""F08_D_Mars-Pluto-Venus"",""excess_surprisal"":2.5681910514831543,""n_bodies"":3,""note"":""Venus\u2013Mars\u2013Pluto 60/90/150 triad""}]"
11,0713-10-19T12:00:00Z,1981769.0,2.5681910514831543,1,"[{""module_id"":""1947_Merc_J_V"",""source_group"":""1947-11-29"",""family_id"":""F03_D_Jupiter-Mercury-Venus"",""excess_surprisal"":2.5681910514831543,""n_bodies"":3,""note"":""Mercury\u2013Jupiter\u2013Venus 20/20/40 ladder""}]"
12,0267-06-16T12:00:00Z,1818746.0,2.5681910514831543,1,"[{""module_id"":""2026F_M_V_S_N"",""source_group"":""2026-02-28"",""family_id"":""F35_D_Mercury-Neptune-Saturn-Venus"",""excess_surprisal"":2.5681910514831543,""n_bodies"":4,""note"":""Mercury/Venus and Saturn/Neptune dual double-node""}]"
13,0970-09-03T12:00:00Z,2075591.0,2.5681910514831543,1,"[{""module_id"":""2025_J_V_Merc_M"",""source_group"":""2025-09-10"",""family_id"":""F26_D_Jupiter-Mars-Mercury-Venus"",""excess_surprisal"":2.5681910514831543,""n_bodies"":4,""note"":""Jupiter\u2013Venus\u2013Mercury\u2013Mars 0/30/60/90 ladder""}]"
14,0143-04-30T12:00:00Z,1773409.0,2.5681910514831543,1,"[{""module_id"":""1947_M_V_U"",""source_group"":""1947-11-29"",""family_id"":""F10_D_Mars-Uranus-Venus"",""excess_surprisal"":2.5681910514831543,""n_bodies"":3,""note"":""Mars\u2013Venus\u2013Uranus 60/120/180 gate""}]"
15,1887-07-07T12:00:00Z,2410460.0,2.5681910514831543,1,"[{""module_id"":""1775_P_Merc_U"",""source_group"":""1775-04-19"",""family_id"":""F13_D_Mercury-Pluto-Uranus"",""excess_surprisal"":2.5681910514831543,""n_bodies"":3,""note"":""Pluto\u2013Mercury\u2013Uranus 60/60/120 module""}]"
16,0476-02-23T12:00:00Z,1894969.0,2.5681910514831543,1,"[{""module_id"":""2023_P_N_U"",""source_group"":""2023-10-07"",""family_id"":""F19_D_Neptune-Pluto-Uranus"",""excess_surprisal"":2.5681910514831543,""n_bodies"":3,""note"":""Pluto\u2013Neptune\u2013Uranus 60/60/120 triad""}]"
17,1052-01-19T12:00:00Z,2105313.0,2.5681910514831543,1,"[{""module_id"":""1947_P_S_M"",""source_group"":""1947-11-29"",""family_id"":""F07_D_Mars-Pluto-Saturn"",""excess_surprisal"":2.5681910514831543,""n_bodies"":3,""note"":""Pluto\u2013Saturn\u2013Mars tiny midpoint""}]"
18,0932-05-12T12:00:00Z,2061598.0,2.5681910514831543,1,"[{""module_id"":""1918C_P_Merc_N"",""source_group"":""1918-05-22"",""family_id"":""F11_D_Mercury-Neptune-Pluto"",""excess_surprisal"":2.5681910514831543,""n_bodies"":3,""note"":""May 22 Pluto\u2013Mercury\u2013Neptune triad""}]"
19,0815-01-12T12:00:00Z,2018744.0,2.5681910514831543,1,"[{""module_id"":""2020_N_U_V"",""source_group"":""2020-03-11"",""family_id"":""F22_D_Neptune-Uranus-Venus"",""excess_surprisal"":2.5681910514831543,""n_bodies"":3,""note"":""Neptune to Uranus/Venus double node""}]"
20,0916-08-15T12:00:00Z,2055849.0,2.5681910514831543,1,"[{""module_id"":""1929_U_Merc_V"",""source_group"":""1929-10-24"",""family_id"":""F16_D_Mercury-Uranus-Venus"",""excess_surprisal"":2.5681910514831543,""n_bodies"":3,""note"":""Uranus opposite Mercury/Venus gate""}]"
21,1425-04-01T12:00:00Z,2241621.0,2.5681910514831543,1,"[{""module_id"":""1918A_P_Merc_N"",""source_group"":""1918-04-05"",""family_id"":""F11_D_Mercury-Neptune-Pluto"",""excess_surprisal"":2.5681910514831543,""n_bodies"":3,""note"":""April 5 Pluto\u2013Mercury\u2013Neptune 30/60/90""}]"
22,0740-04-26T12:00:00Z,1991455.0,2.5681910514831543,1,"[{""module_id"":""1978_Merc_N_M"",""source_group"":""1978-12-11"",""family_id"":""F05_D_Mars-Mercury-Neptune"",""excess_surprisal"":2.5681910514831543,""n_bodies"":3,""note"":""Mercury\u2013Neptune\u2013Mars midpoint""}]"
23,1972-11-04T12:00:00Z,2441626.0,2.5681910514831543,1,"[{""module_id"":""1918B_Merc_J_V"",""source_group"":""1918-04-17"",""family_id"":""F02_D_Jupiter-Mercury-Venus"",""excess_surprisal"":2.5681910514831543,""n_bodies"":3,""note"":""April 17 Mercury\u2013Jupiter\u2013Venus 30/60/90""}]"
24,0904-06-02T12:00:00Z,2051392.0,2.5681910514831543,1,"[{""module_id"":""1914_V_U_M"",""source_group"":""1914-06-28"",""family_id"":""F09_D_Mars-Uranus-Venus"",""excess_surprisal"":2.5681910514831543,""n_bodies"":3,""note"":""Venus\u2013Uranus diameter with Mars branch""}]"
25,1725-03-18T12:00:00Z,2351180.0,2.5681910514831543,1,"[{""module_id"":""2008_Merc_V_M"",""source_group"":""2008-09-15"",""family_id"":""F06_D_Mars-Mercury-Venus"",""excess_surprisal"":2.5681910514831543,""n_bodies"":3,""note"":""Mercury\u2013Venus\u2013Mars triple node""}]"
26,0182-11-04T12:00:00Z,1787842.0,2.5436503887176514,2,"[{""module_id"":""1914_V_U_M"",""source_group"":""1914-06-28"",""family_id"":""F09_D_Mars-Uranus-Venus"",""excess_surprisal"":1.9149785041809082,""n_bodies"":3,""note"":""Venus\u2013Uranus diameter with Mars branch""},{""module_id"":""1929_U_Merc_V"",""source_group"":""1929-10-24"",""family_id"":""F16_D_Mercury-Uranus-Venus"",""excess_surprisal"":0.6286718845367432,""n_bodies"":3,""note"":""Uranus opposite Mercury/Venus gate""}]"
27,1822-11-13T12:00:00Z,2386848.0,2.53568172454834,2,"[{""module_id"":""1913_S_Merc_V"",""source_group"":""1913-12-23"",""family_id"":""F15_D_Mercury-Saturn-Venus"",""excess_surprisal"":1.4068231582641602,""n_bodies"":3,""note"":""Saturn opposite Mercury/Venus fork""},{""module_id"":""1775_Merc_U_S"",""source_group"":""1775-04-19"",""family_id"":""F14_D_Mercury-Saturn-Uranus"",""excess_surprisal"":1.1288585662841797,""n_bodies"":3,""note"":""Mercury\u2013Uranus\u2013Saturn 60/120/180 module""}]"
28,1467-07-10T12:00:00Z,2257061.0,2.417050838470459,2,"[{""module_id"":""2026B_N_P_V"",""source_group"":""2026-09-17"",""family_id"":""F21_D_Neptune-Pluto-Venus"",""excess_surprisal"":1.6651010513305664,""n_bodies"":3,""note"":""Neptune\u2013Pluto\u2013Venus 60/90/150 triad""},{""module_id"":""1978_P_U_N"",""source_group"":""1978-12-11"",""family_id"":""F18_D_Neptune-Pluto-Uranus"",""excess_surprisal"":0.7519497871398926,""n_bodies"":3,""note"":""Pluto\u2013Uranus\u2013Neptune midpoint""}]"
29,1018-01-27T12:00:00Z,2092903.0,2.3920998573303223,1,"[{""module_id"":""1978_Merc_N_M"",""source_group"":""1978-12-11"",""family_id"":""F05_D_Mars-Mercury-Neptune"",""excess_surprisal"":2.3920998573303223,""n_bodies"":3,""note"":""Mercury\u2013Neptune\u2013Mars midpoint""}]"
30,1348-02-25T12:00:00Z,2213462.0,2.3920998573303223,1,"[{""module_id"":""1918C_V_J_M"",""source_group"":""1918-05-22"",""family_id"":""F01_D_Jupiter-Mars-Venus"",""excess_surprisal"":2.3920998573303223,""n_bodies"":3,""note"":""May 22 Venus\u2013Jupiter\u2013Mars triad""}]"
31,1044-09-26T12:00:00Z,2102642.0,2.3920998573303223,1,"[{""module_id"":""2026B_N_P_V"",""source_group"":""2026-09-17"",""family_id"":""F21_D_Neptune-Pluto-Venus"",""excess_surprisal"":2.3920998573303223,""n_bodies"":3,""note"":""Neptune\u2013Pluto\u2013Venus 60/90/150 triad""}]"
32,0913-05-23T12:00:00Z,2054669.0,2.3920998573303223,1,"[{""module_id"":""1947_P_S_M"",""source_group"":""1947-11-29"",""family_id"":""F07_D_Mars-Pluto-Saturn"",""excess_surprisal"":2.3920998573303223,""n_bodies"":3,""note"":""Pluto\u2013Saturn\u2013Mars tiny midpoint""}]"
33,1234-10-28T12:00:00Z,2172070.0,2.3920998573303223,1,"[{""module_id"":""1913_S_Merc_V"",""source_group"":""1913-12-23"",""family_id"":""F15_D_Mercury-Saturn-Venus"",""excess_surprisal"":2.3920998573303223,""n_bodies"":3,""note"":""Saturn opposite Mercury/Venus fork""}]"
34,0088-05-14T12:00:00Z,1753336.0,2.3920998573303223,1,"[{""module_id"":""2026F_M_V_S_N"",""source_group"":""2026-02-28"",""family_id"":""F35_D_Mercury-Neptune-Saturn-Venus"",""excess_surprisal"":2.3920998573303223,""n_bodies"":4,""note"":""Mercury/Venus and Saturn/Neptune dual double-node""}]"
35,1057-10-05T12:00:00Z,2107399.0,2.3920998573303223,1,"[{""module_id"":""1947_Merc_J_V"",""source_group"":""1947-11-29"",""family_id"":""F03_D_Jupiter-Mercury-Venus"",""excess_surprisal"":2.3920998573303223,""n_bodies"":3,""note"":""Mercury\u2013Jupiter\u2013Venus 20/20/40 ladder""}]"
36,0001-10-13T12:00:00Z,1721711.0,2.3920998573303223,1,"[{""module_id"":""1929_U_Merc_V"",""source_group"":""1929-10-24"",""family_id"":""F16_D_Mercury-Uranus-Venus"",""excess_surprisal"":2.3920998573303223,""n_bodies"":3,""note"":""Uranus opposite Mercury/Venus gate""}]"
37,1432-02-22T12:00:00Z,2244139.0,2.3920998573303223,1,"[{""module_id"":""2023_P_V_M"",""source_group"":""2023-10-07"",""family_id"":""F08_D_Mars-Pluto-Venus"",""excess_surprisal"":2.3920998573303223,""n_bodies"":3,""note"":""Venus\u2013Mars\u2013Pluto 60/90/150 triad""}]"
38,0522-07-26T12:00:00Z,1911923.0,2.3920998573303223,1,"[{""module_id"":""1918B_Merc_J_V"",""source_group"":""1918-04-17"",""family_id"":""F02_D_Jupiter-Mercury-Venus"",""excess_surprisal"":2.3920998573303223,""n_bodies"":3,""note"":""April 17 Mercury\u2013Jupiter\u2013Venus 30/60/90""}]"
39,0990-04-10T12:00:00Z,2082750.0,2.3920998573303223,1,"[{""module_id"":""2008_Merc_V_M"",""source_group"":""2008-09-15"",""family_id"":""F06_D_Mars-Mercury-Venus"",""excess_surprisal"":2.3920998573303223,""n_bodies"":3,""note"":""Mercury\u2013Venus\u2013Mars triple node""}]"
40,1268-09-28T12:00:00Z,2184459.0,2.3920998573303223,1,"[{""module_id"":""1947_M_V_U"",""source_group"":""1947-11-29"",""family_id"":""F10_D_Mars-Uranus-Venus"",""excess_surprisal"":2.3920998573303223,""n_bodies"":3,""note"":""Mars\u2013Venus\u2013Uranus 60/120/180 gate""}]"
41,1986-06-20T12:00:00Z,2446602.0,2.2671613693237305,1,"[{""module_id"":""2026B_N_P_V"",""source_group"":""2026-09-17"",""family_id"":""F21_D_Neptune-Pluto-Venus"",""excess_surprisal"":2.2671613693237305,""n_bodies"":3,""note"":""Neptune\u2013Pluto\u2013Venus 60/90/150 triad""}]"
42,0785-07-21T12:00:00Z,2007977.0,2.2671613693237305,1,"[{""module_id"":""1913_S_Merc_V"",""source_group"":""1913-12-23"",""family_id"":""F15_D_Mercury-Saturn-Venus"",""excess_surprisal"":2.2671613693237305,""n_bodies"":3,""note"":""Saturn opposite Mercury/Venus fork""}]"
43,0680-11-29T12:00:00Z,1969758.0,2.2671613693237305,1,"[{""module_id"":""1918B_Merc_J_V"",""source_group"":""1918-04-17"",""family_id"":""F02_D_Jupiter-Mercury-Venus"",""excess_surprisal"":2.2671613693237305,""n_bodies"":3,""note"":""April 17 Mercury\u2013Jupiter\u2013Venus 30/60/90""}]"
44,0393-08-26T12:00:00Z,1864838.0,2.2671613693237305,1,"[{""module_id"":""1918C_V_J_M"",""source_group"":""1918-05-22"",""family_id"":""F01_D_Jupiter-Mars-Venus"",""excess_surprisal"":2.2671613693237305,""n_bodies"":3,""note"":""May 22 Venus\u2013Jupiter\u2013Mars triad""}]"
45,1699-04-14T12:00:00Z,2341711.0,2.2671613693237305,1,"[{""module_id"":""2023_P_V_M"",""source_group"":""2023-10-07"",""family_id"":""F08_D_Mars-Pluto-Venus"",""excess_surprisal"":2.2671613693237305,""n_bodies"":3,""note"":""Venus\u2013Mars\u2013Pluto 60/90/150 triad""}]"
46,1134-03-16T12:00:00Z,2135319.0,2.2671613693237305,1,"[{""module_id"":""1947_M_V_U"",""source_group"":""1947-11-29"",""family_id"":""F10_D_Mars-Uranus-Venus"",""excess_surprisal"":2.2671613693237305,""n_bodies"":3,""note"":""Mars\u2013Venus\u2013Uranus 60/120/180 gate""}]"
47,0970-11-06T12:00:00Z,2075655.0,2.2671613693237305,1,"[{""module_id"":""2000_N_U_V_Merc"",""source_group"":""2000-03-10"",""family_id"":""F36_D_Mercury-Neptune-Uranus-Venus"",""excess_surprisal"":2.2671613693237305,""n_bodies"":4,""note"":""Nested Neptune\u2013Uranus\u2013Venus\u2013Mercury rail""}]"
48,0743-12-17T12:00:00Z,1992785.0,2.2671613693237305,1,"[{""module_id"":""1775_P_Merc_U"",""source_group"":""1775-04-19"",""family_id"":""F13_D_Mercury-Pluto-Uranus"",""excess_surprisal"":2.2671613693237305,""n_bodies"":3,""note"":""Pluto\u2013Mercury\u2013Uranus 60/60/120 module""}]"
49,0113-06-18T12:00:00Z,1762501.0,2.2671613693237305,1,"[{""module_id"":""1947_P_S_M"",""source_group"":""1947-11-29"",""family_id"":""F07_D_Mars-Pluto-Saturn"",""excess_surprisal"":2.2671613693237305,""n_bodies"":3,""note"":""Pluto\u2013Saturn\u2013Mars tiny midpoint""}]"
50,0196-04-28T12:00:00Z,1792766.0,2.2671613693237305,1,"[{""module_id"":""2008_Merc_V_M"",""source_group"":""2008-09-15"",""family_id"":""F06_D_Mars-Mercury-Venus"",""excess_surprisal"":2.2671613693237305,""n_bodies"":3,""note"":""Mercury\u2013Venus\u2013Mars triple node""}]"
51,1111-07-05T12:00:00Z,2127029.0,2.2671613693237305,1,"[{""module_id"":""2025_J_V_Merc_M"",""source_group"":""2025-09-10"",""family_id"":""F26_D_Jupiter-Mars-Mercury-Venus"",""excess_surprisal"":2.2671613693237305,""n_bodies"":4,""note"":""Jupiter\u2013Venus\u2013Mercury\u2013Mars 0/30/60/90 ladder""}]"
52,1560-04-30T12:00:00Z,2290958.0,2.2671613693237305,1,"[{""module_id"":""1978_Merc_N_M"",""source_group"":""1978-12-11"",""family_id"":""F05_D_Mars-Mercury-Neptune"",""excess_surprisal"":2.2671613693237305,""n_bodies"":3,""note"":""Mercury\u2013Neptune\u2013Mars midpoint""}]"
53,1590-11-01T12:00:00Z,2302100.0,2.2671613693237305,1,"[{""module_id"":""2026A_S_M_J_Merc"",""source_group"":""2026-09-01"",""family_id"":""F25_D_Jupiter-Mars-Mercury-Saturn"",""excess_surprisal"":2.2671613693237305,""n_bodies"":4,""note"":""Saturn-anchored 90/120/150 fan and 30/30/60 ladder""}]"
54,0168-10-15T12:00:00Z,1782709.0,2.2671613693237305,1,"[{""module_id"":""1947_Merc_J_V"",""source_group"":""1947-11-29"",""family_id"":""F03_D_Jupiter-Mercury-Venus"",""excess_surprisal"":2.2671613693237305,""n_bodies"":3,""note"":""Mercury\u2013Jupiter\u2013Venus 20/20/40 ladder""}]"
55,1458-06-15T12:00:00Z,2253749.0,2.2671613693237305,1,"[{""module_id"":""1775_Merc_U_S"",""source_group"":""1775-04-19"",""family_id"":""F14_D_Mercury-Saturn-Uranus"",""excess_surprisal"":2.2671613693237305,""n_bodies"":3,""note"":""Mercury\u2013Uranus\u2013Saturn 60/120/180 module""}]"
56,1421-08-04T12:00:00Z,2240285.0,2.2671613693237305,1,"[{""module_id"":""1914_P_N_Merc_M"",""source_group"":""1914-06-28"",""family_id"":""F33_D_Mars-Mercury-Neptune-Pluto"",""excess_surprisal"":2.2671613693237305,""n_bodies"":4,""note"":""Pluto \u2192 Neptune/Mercury double-node \u2192 Mars""}]"
57,1577-08-08T12:00:00Z,2297267.0,2.2671613693237305,1,"[{""module_id"":""1914_V_U_M"",""source_group"":""1914-06-28"",""family_id"":""F09_D_Mars-Uranus-Venus"",""excess_surprisal"":2.2671613693237305,""n_bodies"":3,""note"":""Venus\u2013Uranus diameter with Mars branch""}]"
58,1779-12-01T12:00:00Z,2371161.0,2.2671613693237305,1,"[{""module_id"":""1929_U_Merc_V"",""source_group"":""1929-10-24"",""family_id"":""F16_D_Mercury-Uranus-Venus"",""excess_surprisal"":2.2671613693237305,""n_bodies"":3,""note"":""Uranus opposite Mercury/Venus gate""}]"
59,0956-03-09T12:00:00Z,2070300.0,2.2671613693237305,1,"[{""module_id"":""1929_U_Merc_V_M"",""source_group"":""1929-10-24"",""family_id"":""F34_D_Mars-Mercury-Uranus-Venus"",""excess_surprisal"":2.2671613693237305,""n_bodies"":4,""note"":""Opposition gate plus 30-degree Mars routing""}]"
60,1714-03-10T12:00:00Z,2347154.0,2.2006232738494873,2,"[{""module_id"":""1929_U_Merc_V"",""source_group"":""1929-10-24"",""family_id"":""F16_D_Mercury-Uranus-Venus"",""excess_surprisal"":1.507493495941162,""n_bodies"":3,""note"":""Uranus opposite Mercury/Venus gate""},{""module_id"":""1914_V_U_M"",""source_group"":""1914-06-28"",""family_id"":""F09_D_Mars-Uranus-Venus"",""excess_surprisal"":0.6931297779083252,""n_bodies"":3,""note"":""Venus\u2013Uranus diameter with Mars branch""}]"
61,0627-03-11T12:00:00Z,1950136.0,2.1702513694763184,1,"[{""module_id"":""1914_V_U_M"",""source_group"":""1914-06-28"",""family_id"":""F09_D_Mars-Uranus-Venus"",""excess_surprisal"":2.1702513694763184,""n_bodies"":3,""note"":""Venus\u2013Uranus diameter with Mars branch""}]"
62,0406-05-05T12:00:00Z,1869473.0,2.1702513694763184,1,"[{""module_id"":""2020_S_Merc_N"",""source_group"":""2020-03-11"",""family_id"":""F12_D_Mercury-Neptune-Saturn"",""excess_surprisal"":2.1702513694763184,""n_bodies"":3,""note"":""Saturn\u2013Mercury\u2013Neptune 30/20/50 rail""}]"
63,1005-01-26T12:00:00Z,2088154.0,2.1702513694763184,1,"[{""module_id"":""1775_P_Merc_U"",""source_group"":""1775-04-19"",""family_id"":""F13_D_Mercury-Pluto-Uranus"",""excess_surprisal"":2.1702513694763184,""n_bodies"":3,""note"":""Pluto\u2013Mercury\u2013Uranus 60/60/120 module""}]"
64,1166-06-10T12:00:00Z,2147093.0,2.1702513694763184,1,"[{""module_id"":""2026B_N_U_V"",""source_group"":""2026-09-17"",""family_id"":""F23_D_Neptune-Uranus-Venus"",""excess_surprisal"":2.1702513694763184,""n_bodies"":3,""note"":""Venus near antipode of Uranus\u2013Neptune midpoint""}]"
65,0401-07-29T12:00:00Z,1867732.0,2.1702513694763184,1,"[{""module_id"":""1913_S_Merc_V"",""source_group"":""1913-12-23"",""family_id"":""F15_D_Mercury-Saturn-Venus"",""excess_surprisal"":2.1702513694763184,""n_bodies"":3,""note"":""Saturn opposite Mercury/Venus fork""}]"
66,1541-04-04T12:00:00Z,2283992.0,2.1702513694763184,1,"[{""module_id"":""1978_Merc_N_M"",""source_group"":""1978-12-11"",""family_id"":""F05_D_Mars-Mercury-Neptune"",""excess_surprisal"":2.1702513694763184,""n_bodies"":3,""note"":""Mercury\u2013Neptune\u2013Mars midpoint""}]"
67,1466-04-10T12:00:00Z,2256605.0,2.1702513694763184,1,"[{""module_id"":""2023_P_V_M"",""source_group"":""2023-10-07"",""family_id"":""F08_D_Mars-Pluto-Venus"",""excess_surprisal"":2.1702513694763184,""n_bodies"":3,""note"":""Venus\u2013Mars\u2013Pluto 60/90/150 triad""}]"
68,0777-04-23T12:00:00Z,2004966.0,2.1702513694763184,1,"[{""module_id"":""1775_Merc_U_S"",""source_group"":""1775-04-19"",""family_id"":""F14_D_Mercury-Saturn-Uranus"",""excess_surprisal"":2.1702513694763184,""n_bodies"":3,""note"":""Mercury\u2013Uranus\u2013Saturn 60/120/180 module""}]"
69,0643-12-03T12:00:00Z,1956247.0,2.1702513694763184,1,"[{""module_id"":""2020_N_U_V"",""source_group"":""2020-03-11"",""family_id"":""F22_D_Neptune-Uranus-Venus"",""excess_surprisal"":2.1702513694763184,""n_bodies"":3,""note"":""Neptune to Uranus/Venus double node""}]"
70,1318-09-12T12:00:00Z,2202704.0,2.1702513694763184,1,"[{""module_id"":""1918B_Merc_J_V"",""source_group"":""1918-04-17"",""family_id"":""F02_D_Jupiter-Mercury-Venus"",""excess_surprisal"":2.1702513694763184,""n_bodies"":3,""note"":""April 17 Mercury\u2013Jupiter\u2013Venus 30/60/90""}]"
71,0058-09-11T12:00:00Z,1742498.0,2.1702513694763184,1,"[{""module_id"":""2026B_N_P_V"",""source_group"":""2026-09-17"",""family_id"":""F21_D_Neptune-Pluto-Venus"",""excess_surprisal"":2.1702513694763184,""n_bodies"":3,""note"":""Neptune\u2013Pluto\u2013Venus 60/90/150 triad""}]"
72,1933-09-07T12:00:00Z,2427323.0,2.1702513694763184,1,"[{""module_id"":""1947_Merc_J_V"",""source_group"":""1947-11-29"",""family_id"":""F03_D_Jupiter-Mercury-Venus"",""excess_surprisal"":2.1702513694763184,""n_bodies"":3,""note"":""Mercury\u2013Jupiter\u2013Venus 20/20/40 ladder""}]"
73,1237-07-25T12:00:00Z,2173071.0,2.1702513694763184,1,"[{""module_id"":""1929_U_Merc_V"",""source_group"":""1929-10-24"",""family_id"":""F16_D_Mercury-Uranus-Venus"",""excess_surprisal"":2.1702513694763184,""n_bodies"":3,""note"":""Uranus opposite Mercury/Venus gate""}]"
74,0462-09-14T12:00:00Z,1890059.0,2.1702513694763184,1,"[{""module_id"":""2008_Merc_V_M"",""source_group"":""2008-09-15"",""family_id"":""F06_D_Mars-Mercury-Venus"",""excess_surprisal"":2.1702513694763184,""n_bodies"":3,""note"":""Mercury\u2013Venus\u2013Mars triple node""}]"
75,1482-06-10T12:00:00Z,2262510.0,2.1702513694763184,1,"[{""module_id"":""1947_M_V_U"",""source_group"":""1947-11-29"",""family_id"":""F10_D_Mars-Uranus-Venus"",""excess_surprisal"":2.1702513694763184,""n_bodies"":3,""note"":""Mars\u2013Venus\u2013Uranus 60/120/180 gate""}]"
76,0538-12-16T12:00:00Z,1917910.0,2.1702513694763184,1,"[{""module_id"":""1918C_V_J_M"",""source_group"":""1918-05-22"",""family_id"":""F01_D_Jupiter-Mars-Venus"",""excess_surprisal"":2.1702513694763184,""n_bodies"":3,""note"":""May 22 Venus\u2013Jupiter\u2013Mars triad""}]"
77,0232-04-01T12:00:00Z,1805887.0,2.1702513694763184,1,"[{""module_id"":""2026F_M_V_S_N"",""source_group"":""2026-02-28"",""family_id"":""F35_D_Mercury-Neptune-Saturn-Venus"",""excess_surprisal"":2.1702513694763184,""n_bodies"":4,""note"":""Mercury/Venus and Saturn/Neptune dual double-node""}]"
78,0613-04-18T12:00:00Z,1945061.0,2.0910696983337402,1,"[{""module_id"":""1947_Merc_J_V"",""source_group"":""1947-11-29"",""family_id"":""F03_D_Jupiter-Mercury-Venus"",""excess_surprisal"":2.0910696983337402,""n_bodies"":3,""note"":""Mercury\u2013Jupiter\u2013Venus 20/20/40 ladder""}]"
79,1355-12-07T12:00:00Z,2216304.0,2.0910696983337402,1,"[{""module_id"":""1929_U_Merc_V"",""source_group"":""1929-10-24"",""family_id"":""F16_D_Mercury-Uranus-Venus"",""excess_surprisal"":2.0910696983337402,""n_bodies"":3,""note"":""Uranus opposite Mercury/Venus gate""}]"
80,0559-12-12T12:00:00Z,1925576.0,2.0910696983337402,1,"[{""module_id"":""1913_S_Merc_V"",""source_group"":""1913-12-23"",""family_id"":""F15_D_Mercury-Saturn-Venus"",""excess_surprisal"":2.0910696983337402,""n_bodies"":3,""note"":""Saturn opposite Mercury/Venus fork""}]"
81,0810-10-13T12:00:00Z,2017192.0,2.0910696983337402,1,"[{""module_id"":""1978_Merc_N_M"",""source_group"":""1978-12-11"",""family_id"":""F05_D_Mars-Mercury-Neptune"",""excess_surprisal"":2.0910696983337402,""n_bodies"":3,""note"":""Mercury\u2013Neptune\u2013Mars midpoint""}]"
82,1956-04-29T12:00:00Z,2435593.0,2.0910696983337402,1,"[{""module_id"":""1775_Merc_U_S"",""source_group"":""1775-04-19"",""family_id"":""F14_D_Mercury-Saturn-Uranus"",""excess_surprisal"":2.0910696983337402,""n_bodies"":3,""note"":""Mercury\u2013Uranus\u2013Saturn 60/120/180 module""}]"
83,0286-08-27T12:00:00Z,1825758.0,2.0910696983337402,1,"[{""module_id"":""2000_N_U_V_Merc"",""source_group"":""2000-03-10"",""family_id"":""F36_D_Mercury-Neptune-Uranus-Venus"",""excess_surprisal"":2.0910696983337402,""n_bodies"":4,""note"":""Nested Neptune\u2013Uranus\u2013Venus\u2013Mercury rail""}]"
84,1503-03-09T12:00:00Z,2270086.0,2.0910696983337402,1,"[{""module_id"":""2020_N_U_V"",""source_group"":""2020-03-11"",""family_id"":""F22_D_Neptune-Uranus-Venus"",""excess_surprisal"":2.0910696983337402,""n_bodies"":3,""note"":""Neptune to Uranus/Venus double node""}]"
85,0313-07-14T12:00:00Z,1835575.0,2.0910696983337402,1,"[{""module_id"":""1914_V_U_M"",""source_group"":""1914-06-28"",""family_id"":""F09_D_Mars-Uranus-Venus"",""excess_surprisal"":2.0910696983337402,""n_bodies"":3,""note"":""Venus\u2013Uranus diameter with Mars branch""}]"
86,0628-07-08T12:00:00Z,1950621.0,2.0910696983337402,1,"[{""module_id"":""1918C_V_J_M"",""source_group"":""1918-05-22"",""family_id"":""F01_D_Jupiter-Mars-Venus"",""excess_surprisal"":2.0910696983337402,""n_bodies"":3,""note"":""May 22 Venus\u2013Jupiter\u2013Mars triad""}]"
87,0822-05-27T12:00:00Z,2021436.0,2.0910696983337402,1,"[{""module_id"":""2026B_N_U_V"",""source_group"":""2026-09-17"",""family_id"":""F23_D_Neptune-Uranus-Venus"",""excess_surprisal"":2.0910696983337402,""n_bodies"":3,""note"":""Venus near antipode of Uranus\u2013Neptune midpoint""}]"
88,0612-02-15T12:00:00Z,1944633.0,2.0910696983337402,1,"[{""module_id"":""1918B_Merc_J_V"",""source_group"":""1918-04-17"",""family_id"":""F02_D_Jupiter-Mercury-Venus"",""excess_surprisal"":2.0910696983337402,""n_bodies"":3,""note"":""April 17 Mercury\u2013Jupiter\u2013Venus 30/60/90""}]"
89,0137-11-19T12:00:00Z,1771421.0,2.0910696983337402,1,"[{""module_id"":""2023_P_V_M"",""source_group"":""2023-10-07"",""family_id"":""F08_D_Mars-Pluto-Venus"",""excess_surprisal"":2.0910696983337402,""n_bodies"":3,""note"":""Venus\u2013Mars\u2013Pluto 60/90/150 triad""}]"
90,0979-04-23T12:00:00Z,2078745.0,2.0910696983337402,1,"[{""module_id"":""2026B_N_P_V"",""source_group"":""2026-09-17"",""family_id"":""F21_D_Neptune-Pluto-Venus"",""excess_surprisal"":2.0910696983337402,""n_bodies"":3,""note"":""Neptune\u2013Pluto\u2013Venus 60/90/150 triad""}]"
91,0436-05-23T12:00:00Z,1880449.0,2.024123191833496,1,"[{""module_id"":""1918C_V_J_M"",""source_group"":""1918-05-22"",""family_id"":""F01_D_Jupiter-Mars-Venus"",""excess_surprisal"":2.024123191833496,""n_bodies"":3,""note"":""May 22 Venus\u2013Jupiter\u2013Mars triad""}]"
92,0737-10-25T12:00:00Z,1990541.0,2.024123191833496,1,"[{""module_id"":""1947_Merc_J_V"",""source_group"":""1947-11-29"",""family_id"":""F03_D_Jupiter-Mercury-Venus"",""excess_surprisal"":2.024123191833496,""n_bodies"":3,""note"":""Mercury\u2013Jupiter\u2013Venus 20/20/40 ladder""}]"
93,0621-06-28T12:00:00Z,1948054.0,2.024123191833496,1,"[{""module_id"":""1775_P_Merc_U"",""source_group"":""1775-04-19"",""family_id"":""F13_D_Mercury-Pluto-Uranus"",""excess_surprisal"":2.024123191833496,""n_bodies"":3,""note"":""Pluto\u2013Mercury\u2013Uranus 60/60/120 module""}]"
94,0411-05-02T12:00:00Z,1871296.0,2.024123191833496,1,"[{""module_id"":""2026F_M_V_S_N"",""source_group"":""2026-02-28"",""family_id"":""F35_D_Mercury-Neptune-Saturn-Venus"",""excess_surprisal"":2.024123191833496,""n_bodies"":4,""note"":""Mercury/Venus and Saturn/Neptune dual double-node""}]"
95,1183-12-16T12:00:00Z,2153491.0,2.024123191833496,1,"[{""module_id"":""2023_P_V_M"",""source_group"":""2023-10-07"",""family_id"":""F08_D_Mars-Pluto-Venus"",""excess_surprisal"":2.024123191833496,""n_bodies"":3,""note"":""Venus\u2013Mars\u2013Pluto 60/90/150 triad""}]"
96,1412-11-09T12:00:00Z,2237095.0,2.024123191833496,1,"[{""module_id"":""1913_S_Merc_V"",""source_group"":""1913-12-23"",""family_id"":""F15_D_Mercury-Saturn-Venus"",""excess_surprisal"":2.024123191833496,""n_bodies"":3,""note"":""Saturn opposite Mercury/Venus fork""}]"
97,1475-07-26T12:00:00Z,2259999.0,2.024123191833496,1,"[{""module_id"":""2026B_N_P_V"",""source_group"":""2026-09-17"",""family_id"":""F21_D_Neptune-Pluto-Venus"",""excess_surprisal"":2.024123191833496,""n_bodies"":3,""note"":""Neptune\u2013Pluto\u2013Venus 60/90/150 triad""}]"
98,1076-07-12T12:00:00Z,2114254.0,2.024123191833496,1,"[{""module_id"":""1929_U_Merc_V"",""source_group"":""1929-10-24"",""family_id"":""F16_D_Mercury-Uranus-Venus"",""excess_surprisal"":2.024123191833496,""n_bodies"":3,""note"":""Uranus opposite Mercury/Venus gate""}]"
99,1739-07-18T12:00:00Z,2356415.0,2.024123191833496,1,"[{""module_id"":""2025_J_V_Merc_M"",""source_group"":""2025-09-10"",""family_id"":""F26_D_Jupiter-Mars-Mercury-Venus"",""excess_surprisal"":2.024123191833496,""n_bodies"":4,""note"":""Jupiter\u2013Venus\u2013Mercury\u2013Mars 0/30/60/90 ladder""}]"
100,1773-08-01T12:00:00Z,2368848.0,2.024123191833496,1,"[{""module_id"":""1978_Merc_N_M"",""source_group"":""1978-12-11"",""family_id"":""F05_D_Mars-Mercury-Neptune"",""excess_surprisal"":2.024123191833496,""n_bodies"":3,""note"":""Mercury\u2013Neptune\u2013Mars midpoint""}]"
101,1177-08-24T12:00:00Z,2151186.0,2.024123191833496,1,"[{""module_id"":""1914_V_U_M"",""source_group"":""1914-06-28"",""family_id"":""F09_D_Mars-Uranus-Venus"",""excess_surprisal"":2.024123191833496,""n_bodies"":3,""note"":""Venus\u2013Uranus diameter with Mars branch""}]"
102,1199-08-03T12:00:00Z,2159200.0,2.024123191833496,1,"[{""module_id"":""2008_Merc_V_M"",""source_group"":""2008-09-15"",""family_id"":""F06_D_Mars-Mercury-Venus"",""excess_surprisal"":2.024123191833496,""n_bodies"":3,""note"":""Mercury\u2013Venus\u2013Mars triple node""}]"
103,1080-08-18T12:00:00Z,2115752.0,2.024123191833496,1,"[{""module_id"":""1918B_Merc_J_V"",""source_group"":""1918-04-17"",""family_id"":""F02_D_Jupiter-Mercury-Venus"",""excess_surprisal"":2.024123191833496,""n_bodies"":3,""note"":""April 17 Mercury\u2013Jupiter\u2013Venus 30/60/90""}]"
104,1790-09-12T12:00:00Z,2375099.0,1.9661312103271484,1,"[{""module_id"":""1978_Merc_N_M"",""source_group"":""1978-12-11"",""family_id"":""F05_D_Mars-Mercury-Neptune"",""excess_surprisal"":1.9661312103271484,""n_bodies"":3,""note"":""Mercury\u2013Neptune\u2013Mars midpoint""}]"
105,1286-07-20T12:00:00Z,2190963.0,1.9661312103271484,1,"[{""module_id"":""1913_S_Merc_V"",""source_group"":""1913-12-23"",""family_id"":""F15_D_Mercury-Saturn-Venus"",""excess_surprisal"":1.9661312103271484,""n_bodies"":3,""note"":""Saturn opposite Mercury/Venus fork""}]"
106,1931-11-23T12:00:00Z,2426669.0,1.9661312103271484,1,"[{""module_id"":""2008_Merc_V_M"",""source_group"":""2008-09-15"",""family_id"":""F06_D_Mars-Mercury-Venus"",""excess_surprisal"":1.9661312103271484,""n_bodies"":3,""note"":""Mercury\u2013Venus\u2013Mars triple node""}]"
107,1979-09-28T12:00:00Z,2444145.0,1.9661312103271484,1,"[{""module_id"":""1978_P_U_N"",""source_group"":""1978-12-11"",""family_id"":""F18_D_Neptune-Pluto-Uranus"",""excess_surprisal"":1.9661312103271484,""n_bodies"":3,""note"":""Pluto\u2013Uranus\u2013Neptune midpoint""}]"
108,0352-05-15T12:00:00Z,1849760.0,1.9661312103271484,1,"[{""module_id"":""1947_Merc_J_V"",""source_group"":""1947-11-29"",""family_id"":""F03_D_Jupiter-Mercury-Venus"",""excess_surprisal"":1.9661312103271484,""n_bodies"":3,""note"":""Mercury\u2013Jupiter\u2013Venus 20/20/40 ladder""}]"
109,0370-02-08T12:00:00Z,1856238.0,1.9661312103271484,1,"[{""module_id"":""2020_S_Merc_N"",""source_group"":""2020-03-11"",""family_id"":""F12_D_Mercury-Neptune-Saturn"",""excess_surprisal"":1.9661312103271484,""n_bodies"":3,""note"":""Saturn\u2013Mercury\u2013Neptune 30/20/50 rail""}]"
110,1737-05-29T12:00:00Z,2355635.0,1.9661312103271484,1,"[{""module_id"":""1914_V_U_M"",""source_group"":""1914-06-28"",""family_id"":""F09_D_Mars-Uranus-Venus"",""excess_surprisal"":1.9661312103271484,""n_bodies"":3,""note"":""Venus\u2013Uranus diameter with Mars branch""}]"
111,1777-03-18T12:00:00Z,2370173.0,1.9661312103271484,1,"[{""module_id"":""1918C_V_J_M"",""source_group"":""1918-05-22"",""family_id"":""F01_D_Jupiter-Mars-Venus"",""excess_surprisal"":1.9661312103271484,""n_bodies"":3,""note"":""May 22 Venus\u2013Jupiter\u2013Mars triad""}]"
112,0493-11-21T12:00:00Z,1901450.0,1.9661312103271484,1,"[{""module_id"":""2000_P_N_S"",""source_group"":""2000-03-10"",""family_id"":""F17_D_Neptune-Pluto-Saturn"",""excess_surprisal"":1.9661312103271484,""n_bodies"":3,""note"":""Pluto\u2013Neptune\u2013Saturn closure""}]"
113,0117-02-09T12:00:00Z,1763833.0,1.9661312103271484,1,"[{""module_id"":""1929_U_Merc_V"",""source_group"":""1929-10-24"",""family_id"":""F16_D_Mercury-Uranus-Venus"",""excess_surprisal"":1.9661312103271484,""n_bodies"":3,""note"":""Uranus opposite Mercury/Venus gate""}]"
114,0545-08-12T12:00:00Z,1920341.0,1.9661312103271484,1,"[{""module_id"":""2023_P_V_M"",""source_group"":""2023-10-07"",""family_id"":""F08_D_Mars-Pluto-Venus"",""excess_surprisal"":1.9661312103271484,""n_bodies"":3,""note"":""Venus\u2013Mars\u2013Pluto 60/90/150 triad""}]"
115,0114-06-20T12:00:00Z,1762868.0,1.9661312103271484,1,"[{""module_id"":""1775_P_Merc_U"",""source_group"":""1775-04-19"",""family_id"":""F13_D_Mercury-Pluto-Uranus"",""excess_surprisal"":1.9661312103271484,""n_bodies"":3,""note"":""Pluto\u2013Mercury\u2013Uranus 60/60/120 module""}]"
116,1855-11-24T12:00:00Z,2398912.0,1.9661312103271484,1,"[{""module_id"":""2026B_N_U_V"",""source_group"":""2026-09-17"",""family_id"":""F23_D_Neptune-Uranus-Venus"",""excess_surprisal"":1.9661312103271484,""n_bodies"":3,""note"":""Venus near antipode of Uranus\u2013Neptune midpoint""}]"
117,0061-11-28T12:00:00Z,1743672.0,1.9661312103271484,1,"[{""module_id"":""2026A_S_M_J_Merc"",""source_group"":""2026-09-01"",""family_id"":""F25_D_Jupiter-Mars-Mercury-Saturn"",""excess_surprisal"":1.9661312103271484,""n_bodies"":4,""note"":""Saturn-anchored 90/120/150 fan and 30/30/60 ladder""}]"
118,0281-03-21T12:00:00Z,1823773.0,1.9661312103271484,1,"[{""module_id"":""1918B_Merc_J_V"",""source_group"":""1918-04-17"",""family_id"":""F02_D_Jupiter-Mercury-Venus"",""excess_surprisal"":1.9661312103271484,""n_bodies"":3,""note"":""April 17 Mercury\u2013Jupiter\u2013Venus 30/60/90""}]"
119,1236-11-11T12:00:00Z,2172815.0,1.9661312103271484,1,"[{""module_id"":""1918A_V_U_S_N"",""source_group"":""1918-04-05"",""family_id"":""F39_D_Neptune-Saturn-Uranus-Venus"",""excess_surprisal"":1.9661312103271484,""n_bodies"":4,""note"":""April 5 dual double-nodes""}]"
120,0492-08-24T12:00:00Z,1900996.0,1.9661312103271484,1,"[{""module_id"":""1929_U_Merc_V_M"",""source_group"":""1929-10-24"",""family_id"":""F34_D_Mars-Mercury-Uranus-Venus"",""excess_surprisal"":1.9661312103271484,""n_bodies"":4,""note"":""Opposition gate plus 30-degree Mars routing""}]"
121,1413-01-14T12:00:00Z,2237161.0,1.9661312103271484,1,"[{""module_id"":""2025_J_V_Merc_M"",""source_group"":""2025-09-10"",""family_id"":""F26_D_Jupiter-Mars-Mercury-Venus"",""excess_surprisal"":1.9661312103271484,""n_bodies"":4,""note"":""Jupiter\u2013Venus\u2013Mercury\u2013Mars 0/30/60/90 ladder""}]"
122,0505-01-31T12:00:00Z,1905538.0,1.9661312103271484,1,"[{""module_id"":""1775_Merc_U_S"",""source_group"":""1775-04-19"",""family_id"":""F14_D_Mercury-Saturn-Uranus"",""excess_surprisal"":1.9661312103271484,""n_bodies"":3,""note"":""Mercury\u2013Uranus\u2013Saturn 60/120/180 module""}]"
123,1144-12-31T12:00:00Z,2139262.0,1.9661312103271484,1,"[{""module_id"":""1978_J_S_P"",""source_group"":""1978-12-11"",""family_id"":""F04_D_Jupiter-Pluto-Saturn"",""excess_surprisal"":1.9661312103271484,""n_bodies"":3,""note"":""Jupiter\u2013Saturn\u2013Pluto midpoint""}]"
124,1152-09-06T12:00:00Z,2142068.0,1.9149785041809082,1,"[{""module_id"":""1918B_Merc_J_V"",""source_group"":""1918-04-17"",""family_id"":""F02_D_Jupiter-Mercury-Venus"",""excess_surprisal"":1.9149785041809082,""n_bodies"":3,""note"":""April 17 Mercury\u2013Jupiter\u2013Venus 30/60/90""}]"
125,0573-08-03T12:00:00Z,1930559.0,1.9149785041809082,1,"[{""module_id"":""1929_U_Merc_V"",""source_group"":""1929-10-24"",""family_id"":""F16_D_Mercury-Uranus-Venus"",""excess_surprisal"":1.9149785041809082,""n_bodies"":3,""note"":""Uranus opposite Mercury/Venus gate""}]"
126,1682-08-18T12:00:00Z,2335628.0,1.9149785041809082,1,"[{""module_id"":""2026B_N_U_V"",""source_group"":""2026-09-17"",""family_id"":""F23_D_Neptune-Uranus-Venus"",""excess_surprisal"":1.9149785041809082,""n_bodies"":3,""note"":""Venus near antipode of Uranus\u2013Neptune midpoint""}]"
127,1536-10-27T12:00:00Z,2282372.0,1.9149785041809082,1,"[{""module_id"":""2026B_N_P_V"",""source_group"":""2026-09-17"",""family_id"":""F21_D_Neptune-Pluto-Venus"",""excess_surprisal"":1.9149785041809082,""n_bodies"":3,""note"":""Neptune\u2013Pluto\u2013Venus 60/90/150 triad""}]"
128,1142-09-25T12:00:00Z,2138434.0,1.9149785041809082,1,"[{""module_id"":""1775_Merc_U_S"",""source_group"":""1775-04-19"",""family_id"":""F14_D_Mercury-Saturn-Uranus"",""excess_surprisal"":1.9149785041809082,""n_bodies"":3,""note"":""Mercury\u2013Uranus\u2013Saturn 60/120/180 module""}]"
129,1391-08-07T12:00:00Z,2229331.0,1.9149785041809082,1,"[{""module_id"":""2008_Merc_V_M"",""source_group"":""2008-09-15"",""family_id"":""F06_D_Mars-Mercury-Venus"",""excess_surprisal"":1.9149785041809082,""n_bodies"":3,""note"":""Mercury\u2013Venus\u2013Mars triple node""}]"
130,1861-08-22T12:00:00Z,2401010.0,1.9149785041809082,1,"[{""module_id"":""1947_Merc_J_V"",""source_group"":""1947-11-29"",""family_id"":""F03_D_Jupiter-Mercury-Venus"",""excess_surprisal"":1.9149785041809082,""n_bodies"":3,""note"":""Mercury\u2013Jupiter\u2013Venus 20/20/40 ladder""}]"
131,1703-03-13T12:00:00Z,2343139.0,1.9149785041809082,1,"[{""module_id"":""2026F_M_V_S_N"",""source_group"":""2026-02-28"",""family_id"":""F35_D_Mercury-Neptune-Saturn-Venus"",""excess_surprisal"":1.9149785041809082,""n_bodies"":4,""note"":""Mercury/Venus and Saturn/Neptune dual double-node""}]"
132,0287-09-06T12:00:00Z,1826133.0,1.9149785041809082,1,"[{""module_id"":""2023_P_V_M"",""source_group"":""2023-10-07"",""family_id"":""F08_D_Mars-Pluto-Venus"",""excess_surprisal"":1.9149785041809082,""n_bodies"":3,""note"":""Venus\u2013Mars\u2013Pluto 60/90/150 triad""}]"
133,0301-02-16T12:00:00Z,1831044.0,1.9149785041809082,1,"[{""module_id"":""1913_S_Merc_V"",""source_group"":""1913-12-23"",""family_id"":""F15_D_Mercury-Saturn-Venus"",""excess_surprisal"":1.9149785041809082,""n_bodies"":3,""note"":""Saturn opposite Mercury/Venus fork""}]"
134,1666-12-17T12:00:00Z,2329905.0,1.9149785041809082,1,"[{""module_id"":""1978_Merc_N_M"",""source_group"":""1978-12-11"",""family_id"":""F05_D_Mars-Mercury-Neptune"",""excess_surprisal"":1.9149785041809082,""n_bodies"":3,""note"":""Mercury\u2013Neptune\u2013Mars midpoint""}]"
135,0081-05-06T12:00:00Z,1750771.0,1.9149785041809082,1,"[{""module_id"":""1947_P_S_M"",""source_group"":""1947-11-29"",""family_id"":""F07_D_Mars-Pluto-Saturn"",""excess_surprisal"":1.9149785041809082,""n_bodies"":3,""note"":""Pluto\u2013Saturn\u2013Mars tiny midpoint""}]"
136,1125-03-01T12:00:00Z,2132017.0,1.8692212104797363,1,"[{""module_id"":""1929_U_Merc_V"",""source_group"":""1929-10-24"",""family_id"":""F16_D_Mercury-Uranus-Venus"",""excess_surprisal"":1.8692212104797363,""n_bodies"":3,""note"":""Uranus opposite Mercury/Venus gate""}]"
137,0658-12-28T12:00:00Z,1961751.0,1.8692212104797363,1,"[{""module_id"":""2023_P_V_M"",""source_group"":""2023-10-07"",""family_id"":""F08_D_Mars-Pluto-Venus"",""excess_surprisal"":1.8692212104797363,""n_bodies"":3,""note"":""Venus\u2013Mars\u2013Pluto 60/90/150 triad""}]"
138,0439-05-06T12:00:00Z,1881527.0,1.8692212104797363,1,"[{""module_id"":""1918A_P_Merc_N"",""source_group"":""1918-04-05"",""family_id"":""F11_D_Mercury-Neptune-Pluto"",""excess_surprisal"":1.8692212104797363,""n_bodies"":3,""note"":""April 5 Pluto\u2013Mercury\u2013Neptune 30/60/90""}]"
139,0484-10-25T12:00:00Z,1898136.0,1.8692212104797363,1,"[{""module_id"":""1775_P_Merc_U"",""source_group"":""1775-04-19"",""family_id"":""F13_D_Mercury-Pluto-Uranus"",""excess_surprisal"":1.8692212104797363,""n_bodies"":3,""note"":""Pluto\u2013Mercury\u2013Uranus 60/60/120 module""}]"
140,0555-06-26T12:00:00Z,1923946.0,1.8692212104797363,1,"[{""module_id"":""1947_Merc_J_V"",""source_group"":""1947-11-29"",""family_id"":""F03_D_Jupiter-Mercury-Venus"",""excess_surprisal"":1.8692212104797363,""n_bodies"":3,""note"":""Mercury\u2013Jupiter\u2013Venus 20/20/40 ladder""}]"
141,1483-12-28T12:00:00Z,2263076.0,1.8692212104797363,1,"[{""module_id"":""2000_N_U_V_Merc"",""source_group"":""2000-03-10"",""family_id"":""F36_D_Mercury-Neptune-Uranus-Venus"",""excess_surprisal"":1.8692212104797363,""n_bodies"":4,""note"":""Nested Neptune\u2013Uranus\u2013Venus\u2013Mercury rail""}]"
142,1205-03-25T12:00:00Z,2161261.0,1.8692212104797363,1,"[{""module_id"":""1918C_V_J_M"",""source_group"":""1918-05-22"",""family_id"":""F01_D_Jupiter-Mars-Venus"",""excess_surprisal"":1.8692212104797363,""n_bodies"":3,""note"":""May 22 Venus\u2013Jupiter\u2013Mars triad""}]"
143,1069-08-03T12:00:00Z,2111719.0,1.8692212104797363,1,"[{""module_id"":""1914_V_U_M"",""source_group"":""1914-06-28"",""family_id"":""F09_D_Mars-Uranus-Venus"",""excess_surprisal"":1.8692212104797363,""n_bodies"":3,""note"":""Venus\u2013Uranus diameter with Mars branch""}]"
144,1338-08-09T12:00:00Z,2209975.0,1.8692212104797363,1,"[{""module_id"":""2026B_N_U_V"",""source_group"":""2026-09-17"",""family_id"":""F23_D_Neptune-Uranus-Venus"",""excess_surprisal"":1.8692212104797363,""n_bodies"":3,""note"":""Venus near antipode of Uranus\u2013Neptune midpoint""}]"
145,1787-09-04T12:00:00Z,2373995.0,1.8692212104797363,1,"[{""module_id"":""1913_S_Merc_V"",""source_group"":""1913-12-23"",""family_id"":""F15_D_Mercury-Saturn-Venus"",""excess_surprisal"":1.8692212104797363,""n_bodies"":3,""note"":""Saturn opposite Mercury/Venus fork""}]"
146,0952-10-28T12:00:00Z,2069072.0,1.8692212104797363,1,"[{""module_id"":""1918B_Merc_J_V"",""source_group"":""1918-04-17"",""family_id"":""F02_D_Jupiter-Mercury-Venus"",""excess_surprisal"":1.8692212104797363,""n_bodies"":3,""note"":""April 17 Mercury\u2013Jupiter\u2013Venus 30/60/90""}]"
147,1982-08-10T12:00:00Z,2445192.0,1.8692212104797363,1,"[{""module_id"":""2026B_N_P_V"",""source_group"":""2026-09-17"",""family_id"":""F21_D_Neptune-Pluto-Venus"",""excess_surprisal"":1.8692212104797363,""n_bodies"":3,""note"":""Neptune\u2013Pluto\u2013Venus 60/90/150 triad""}]"
148,0131-09-29T12:00:00Z,1769178.0,1.8692212104797363,1,"[{""module_id"":""2008_Merc_V_M"",""source_group"":""2008-09-15"",""family_id"":""F06_D_Mars-Mercury-Venus"",""excess_surprisal"":1.8692212104797363,""n_bodies"":3,""note"":""Mercury\u2013Venus\u2013Mars triple node""}]"
149,1558-05-16T12:00:00Z,2290243.0,1.8692212104797363,1,"[{""module_id"":""1978_Merc_N_M"",""source_group"":""1978-12-11"",""family_id"":""F05_D_Mars-Mercury-Neptune"",""excess_surprisal"":1.8692212104797363,""n_bodies"":3,""note"":""Mercury\u2013Neptune\u2013Mars midpoint""}]"
150,1752-06-30T12:00:00Z,2361146.0,1.8278284072875977,1,"[{""module_id"":""1913_S_Merc_V"",""source_group"":""1913-12-23"",""family_id"":""F15_D_Mercury-Saturn-Venus"",""excess_surprisal"":1.8278284072875977,""n_bodies"":3,""note"":""Saturn opposite Mercury/Venus fork""}]"
151,0839-04-11T12:00:00Z,2027599.0,1.8278284072875977,1,"[{""module_id"":""1918B_Merc_J_V"",""source_group"":""1918-04-17"",""family_id"":""F02_D_Jupiter-Mercury-Venus"",""excess_surprisal"":1.8278284072875977,""n_bodies"":3,""note"":""April 17 Mercury\u2013Jupiter\u2013Venus 30/60/90""}]"
152,1854-10-21T12:00:00Z,2398513.0,1.8278284072875977,1,"[{""module_id"":""2026B_N_U_V"",""source_group"":""2026-09-17"",""family_id"":""F23_D_Neptune-Uranus-Venus"",""excess_surprisal"":1.8278284072875977,""n_bodies"":3,""note"":""Venus near antipode of Uranus\u2013Neptune midpoint""}]"
153,1568-12-05T12:00:00Z,2294099.0,1.8278284072875977,1,"[{""module_id"":""2008_Merc_V_M"",""source_group"":""2008-09-15"",""family_id"":""F06_D_Mars-Mercury-Venus"",""excess_surprisal"":1.8278284072875977,""n_bodies"":3,""note"":""Mercury\u2013Venus\u2013Mars triple node""}]"
154,0211-04-14T12:00:00Z,1798229.0,1.8278284072875977,1,"[{""module_id"":""1929_U_Merc_V"",""source_group"":""1929-10-24"",""family_id"":""F16_D_Mercury-Uranus-Venus"",""excess_surprisal"":1.8278284072875977,""n_bodies"":3,""note"":""Uranus opposite Mercury/Venus gate""}]"
155,1912-11-05T12:00:00Z,2419712.0,1.8278284072875977,1,"[{""module_id"":""1775_Merc_U_S"",""source_group"":""1775-04-19"",""family_id"":""F14_D_Mercury-Saturn-Uranus"",""excess_surprisal"":1.8278284072875977,""n_bodies"":3,""note"":""Mercury\u2013Uranus\u2013Saturn 60/120/180 module""}]"
156,1308-04-24T12:00:00Z,2198911.0,1.8278284072875977,1,"[{""module_id"":""1914_V_U_M"",""source_group"":""1914-06-28"",""family_id"":""F09_D_Mars-Uranus-Venus"",""excess_surprisal"":1.8278284072875977,""n_bodies"":3,""note"":""Venus\u2013Uranus diameter with Mars branch""}]"
157,1423-07-20T12:00:00Z,2241000.0,1.8278284072875977,1,"[{""module_id"":""1914_P_N_Merc_M"",""source_group"":""1914-06-28"",""family_id"":""F33_D_Mars-Mercury-Neptune-Pluto"",""excess_surprisal"":1.8278284072875977,""n_bodies"":4,""note"":""Pluto \u2192 Neptune/Mercury double-node \u2192 Mars""}]"
158,1425-05-18T12:00:00Z,2241668.0,1.8278284072875977,1,"[{""module_id"":""1918C_P_Merc_N"",""source_group"":""1918-05-22"",""family_id"":""F11_D_Mercury-Neptune-Pluto"",""excess_surprisal"":1.8278284072875977,""n_bodies"":3,""note"":""May 22 Pluto\u2013Mercury\u2013Neptune triad""}]"
159,1680-02-23T12:00:00Z,2334721.0,1.8278284072875977,1,"[{""module_id"":""1978_Merc_N_M"",""source_group"":""1978-12-11"",""family_id"":""F05_D_Mars-Mercury-Neptune"",""excess_surprisal"":1.8278284072875977,""n_bodies"":3,""note"":""Mercury\u2013Neptune\u2013Mars midpoint""}]"
160,0060-11-18T12:00:00Z,1743297.0,1.8278284072875977,1,"[{""module_id"":""2026B_N_P_V"",""source_group"":""2026-09-17"",""family_id"":""F21_D_Neptune-Pluto-Venus"",""excess_surprisal"":1.8278284072875977,""n_bodies"":3,""note"":""Neptune\u2013Pluto\u2013Venus 60/90/150 triad""}]"
161,1091-11-13T12:00:00Z,2119856.0,1.8278284072875977,1,"[{""module_id"":""1947_M_V_U"",""source_group"":""1947-11-29"",""family_id"":""F10_D_Mars-Uranus-Venus"",""excess_surprisal"":1.8278284072875977,""n_bodies"":3,""note"":""Mars\u2013Venus\u2013Uranus 60/120/180 gate""}]"
162,0734-04-19T12:00:00Z,1989256.0,1.7900400161743164,1,"[{""module_id"":""2026F_M_V_S_N"",""source_group"":""2026-02-28"",""family_id"":""F35_D_Mercury-Neptune-Saturn-Venus"",""excess_surprisal"":1.7900400161743164,""n_bodies"":4,""note"":""Mercury/Venus and Saturn/Neptune dual double-node""}]"
163,1039-02-15T12:00:00Z,2100592.0,1.7900400161743164,1,"[{""module_id"":""1918B_Merc_J_V"",""source_group"":""1918-04-17"",""family_id"":""F02_D_Jupiter-Mercury-Venus"",""excess_surprisal"":1.7900400161743164,""n_bodies"":3,""note"":""April 17 Mercury\u2013Jupiter\u2013Venus 30/60/90""}]"
164,0670-03-21T12:00:00Z,1965852.0,1.7900400161743164,1,"[{""module_id"":""2008_Merc_V_M"",""source_group"":""2008-09-15"",""family_id"":""F06_D_Mars-Mercury-Venus"",""excess_surprisal"":1.7900400161743164,""n_bodies"":3,""note"":""Mercury\u2013Venus\u2013Mars triple node""}]"
165,1732-10-20T12:00:00Z,2353953.0,1.7900400161743164,1,"[{""module_id"":""1775_Merc_U_S"",""source_group"":""1775-04-19"",""family_id"":""F14_D_Mercury-Saturn-Uranus"",""excess_surprisal"":1.7900400161743164,""n_bodies"":3,""note"":""Mercury\u2013Uranus\u2013Saturn 60/120/180 module""}]"
166,1426-05-13T12:00:00Z,2242028.0,1.7900400161743164,1,"[{""module_id"":""1918A_P_Merc_N"",""source_group"":""1918-04-05"",""family_id"":""F11_D_Mercury-Neptune-Pluto"",""excess_surprisal"":1.7900400161743164,""n_bodies"":3,""note"":""April 5 Pluto\u2013Mercury\u2013Neptune 30/60/90""}]"
167,1676-02-26T12:00:00Z,2333263.0,1.7900400161743164,1,"[{""module_id"":""2020_N_U_V"",""source_group"":""2020-03-11"",""family_id"":""F22_D_Neptune-Uranus-Venus"",""excess_surprisal"":1.7900400161743164,""n_bodies"":3,""note"":""Neptune to Uranus/Venus double node""}]"
168,0728-01-15T12:00:00Z,1986970.0,1.7900400161743164,1,"[{""module_id"":""1947_Merc_J_V"",""source_group"":""1947-11-29"",""family_id"":""F03_D_Jupiter-Mercury-Venus"",""excess_surprisal"":1.7900400161743164,""n_bodies"":3,""note"":""Mercury\u2013Jupiter\u2013Venus 20/20/40 ladder""}]"
169,1543-03-20T12:00:00Z,2284707.0,1.7900400161743164,1,"[{""module_id"":""1978_Merc_N_M"",""source_group"":""1978-12-11"",""family_id"":""F05_D_Mars-Mercury-Neptune"",""excess_surprisal"":1.7900400161743164,""n_bodies"":3,""note"":""Mercury\u2013Neptune\u2013Mars midpoint""}]"
170,0045-04-05T12:00:00Z,1737591.0,1.7900400161743164,1,"[{""module_id"":""1947_M_V_U"",""source_group"":""1947-11-29"",""family_id"":""F10_D_Mars-Uranus-Venus"",""excess_surprisal"":1.7900400161743164,""n_bodies"":3,""note"":""Mars\u2013Venus\u2013Uranus 60/120/180 gate""}]"
171,0116-09-16T12:00:00Z,1763687.0,1.7900400161743164,1,"[{""module_id"":""2025_J_V_Merc_M"",""source_group"":""2025-09-10"",""family_id"":""F26_D_Jupiter-Mars-Mercury-Venus"",""excess_surprisal"":1.7900400161743164,""n_bodies"":4,""note"":""Jupiter\u2013Venus\u2013Mercury\u2013Mars 0/30/60/90 ladder""}]"
172,0617-11-01T12:00:00Z,1946719.0,1.7900400161743164,1,"[{""module_id"":""1913_S_Merc_V"",""source_group"":""1913-12-23"",""family_id"":""F15_D_Mercury-Saturn-Venus"",""excess_surprisal"":1.7900400161743164,""n_bodies"":3,""note"":""Saturn opposite Mercury/Venus fork""}]"
173,0635-04-08T12:00:00Z,1953086.0,1.7900400161743164,1,"[{""module_id"":""1929_U_Merc_V"",""source_group"":""1929-10-24"",""family_id"":""F16_D_Mercury-Uranus-Venus"",""excess_surprisal"":1.7900400161743164,""n_bodies"":3,""note"":""Uranus opposite Mercury/Venus gate""}]"
174,1380-03-23T12:00:00Z,2225177.0,1.7552776336669922,1,"[{""module_id"":""2026F_M_V_S_N"",""source_group"":""2026-02-28"",""family_id"":""F35_D_Mercury-Neptune-Saturn-Venus"",""excess_surprisal"":1.7552776336669922,""n_bodies"":4,""note"":""Mercury/Venus and Saturn/Neptune dual double-node""}]"
175,0880-10-06T12:00:00Z,2042753.0,1.7552776336669922,1,"[{""module_id"":""1918B_Merc_J_V"",""source_group"":""1918-04-17"",""family_id"":""F02_D_Jupiter-Mercury-Venus"",""excess_surprisal"":1.7552776336669922,""n_bodies"":3,""note"":""April 17 Mercury\u2013Jupiter\u2013Venus 30/60/90""}]"
176,0405-05-11T12:00:00Z,1869114.0,1.7552776336669922,1,"[{""module_id"":""1978_Merc_N_M"",""source_group"":""1978-12-11"",""family_id"":""F05_D_Mars-Mercury-Neptune"",""excess_surprisal"":1.7552776336669922,""n_bodies"":3,""note"":""Mercury\u2013Neptune\u2013Mars midpoint""}]"
177,1269-11-06T12:00:00Z,2184863.0,1.7552776336669922,1,"[{""module_id"":""1914_V_U_M"",""source_group"":""1914-06-28"",""family_id"":""F09_D_Mars-Uranus-Venus"",""excess_surprisal"":1.7552776336669922,""n_bodies"":3,""note"":""Venus\u2013Uranus diameter with Mars branch""}]"
178,0368-08-27T12:00:00Z,1855708.0,1.7552776336669922,1,"[{""module_id"":""1947_Merc_J_V"",""source_group"":""1947-11-29"",""family_id"":""F03_D_Jupiter-Mercury-Venus"",""excess_surprisal"":1.7552776336669922,""n_bodies"":3,""note"":""Mercury\u2013Jupiter\u2013Venus 20/20/40 ladder""}]"
179,0477-07-25T12:00:00Z,1895487.0,1.7552776336669922,1,"[{""module_id"":""1947_P_S_M"",""source_group"":""1947-11-29"",""family_id"":""F07_D_Mars-Pluto-Saturn"",""excess_surprisal"":1.7552776336669922,""n_bodies"":3,""note"":""Pluto\u2013Saturn\u2013Mars tiny midpoint""}]"
180,0729-04-26T12:00:00Z,1987437.0,1.7552776336669922,1,"[{""module_id"":""2020_S_Merc_N"",""source_group"":""2020-03-11"",""family_id"":""F12_D_Mercury-Neptune-Saturn"",""excess_surprisal"":1.7552776336669922,""n_bodies"":3,""note"":""Saturn\u2013Mercury\u2013Neptune 30/20/50 rail""}]"
181,1428-05-20T12:00:00Z,2242766.0,1.7552776336669922,1,"[{""module_id"":""1913_S_Merc_V"",""source_group"":""1913-12-23"",""family_id"":""F15_D_Mercury-Saturn-Venus"",""excess_surprisal"":1.7552776336669922,""n_bodies"":3,""note"":""Saturn opposite Mercury/Venus fork""}]"
182,0135-02-27T12:00:00Z,1770425.0,1.7552776336669922,1,"[{""module_id"":""2026B_N_U_V"",""source_group"":""2026-09-17"",""family_id"":""F23_D_Neptune-Uranus-Venus"",""excess_surprisal"":1.7552776336669922,""n_bodies"":3,""note"":""Venus near antipode of Uranus\u2013Neptune midpoint""}]"
183,1223-04-28T12:00:00Z,2167869.0,1.7552776336669922,1,"[{""module_id"":""1913_M_N_J_U"",""source_group"":""1913-12-23"",""family_id"":""F28_D_Jupiter-Mars-Neptune-Uranus"",""excess_surprisal"":1.7552776336669922,""n_bodies"":4,""note"":""Paired Mars/Neptune \u2194 Jupiter/Uranus rail""}]"
184,1535-09-15T12:00:00Z,2281964.0,1.7552776336669922,1,"[{""module_id"":""2026B_N_P_V"",""source_group"":""2026-09-17"",""family_id"":""F21_D_Neptune-Pluto-Venus"",""excess_surprisal"":1.7552776336669922,""n_bodies"":3,""note"":""Neptune\u2013Pluto\u2013Venus 60/90/150 triad""}]"
185,0417-09-09T12:00:00Z,1873618.0,1.7552776336669922,1,"[{""module_id"":""1929_U_Merc_V_M"",""source_group"":""1929-10-24"",""family_id"":""F34_D_Mars-Mercury-Uranus-Venus"",""excess_surprisal"":1.7552776336669922,""n_bodies"":4,""note"":""Opposition gate plus 30-degree Mars routing""}]"
186,1004-02-01T12:00:00Z,2087794.0,1.7552776336669922,1,"[{""module_id"":""1775_P_Merc_U"",""source_group"":""1775-04-19"",""family_id"":""F13_D_Mercury-Pluto-Uranus"",""excess_surprisal"":1.7552776336669922,""n_bodies"":3,""note"":""Pluto\u2013Mercury\u2013Uranus 60/60/120 module""}]"
187,0187-03-26T12:00:00Z,1789445.0,1.7552776336669922,1,"[{""module_id"":""1775_Merc_U_S"",""source_group"":""1775-04-19"",""family_id"":""F14_D_Mercury-Saturn-Uranus"",""excess_surprisal"":1.7552776336669922,""n_bodies"":3,""note"":""Mercury\u2013Uranus\u2013Saturn 60/120/180 module""}]"
188,1743-12-12T12:00:00Z,2358023.0,1.7552776336669922,1,"[{""module_id"":""2025_J_V_Merc_M"",""source_group"":""2025-09-10"",""family_id"":""F26_D_Jupiter-Mars-Mercury-Venus"",""excess_surprisal"":1.7552776336669922,""n_bodies"":4,""note"":""Jupiter\u2013Venus\u2013Mercury\u2013Mars 0/30/60/90 ladder""}]"
189,0756-09-18T12:00:00Z,1997444.0,1.7552776336669922,1,"[{""module_id"":""1929_U_Merc_V"",""source_group"":""1929-10-24"",""family_id"":""F16_D_Mercury-Uranus-Venus"",""excess_surprisal"":1.7552776336669922,""n_bodies"":3,""note"":""Uranus opposite Mercury/Venus gate""}]"
190,0472-10-18T12:00:00Z,1893746.0,1.723093032836914,1,"[{""module_id"":""2020_N_U_V"",""source_group"":""2020-03-11"",""family_id"":""F22_D_Neptune-Uranus-Venus"",""excess_surprisal"":1.723093032836914,""n_bodies"":3,""note"":""Neptune to Uranus/Venus double node""}]"
191,0278-04-21T12:00:00Z,1822708.0,1.723093032836914,1,"[{""module_id"":""1775_Merc_U_S"",""source_group"":""1775-04-19"",""family_id"":""F14_D_Mercury-Saturn-Uranus"",""excess_surprisal"":1.723093032836914,""n_bodies"":3,""note"":""Mercury\u2013Uranus\u2013Saturn 60/120/180 module""}]"
192,0294-04-19T12:00:00Z,1828550.0,1.723093032836914,1,"[{""module_id"":""1929_U_Merc_V"",""source_group"":""1929-10-24"",""family_id"":""F16_D_Mercury-Uranus-Venus"",""excess_surprisal"":1.723093032836914,""n_bodies"":3,""note"":""Uranus opposite Mercury/Venus gate""}]"
193,1172-07-16T12:00:00Z,2149321.0,1.723093032836914,1,"[{""module_id"":""1947_Merc_J_V"",""source_group"":""1947-11-29"",""family_id"":""F03_D_Jupiter-Mercury-Venus"",""excess_surprisal"":1.723093032836914,""n_bodies"":3,""note"":""Mercury\u2013Jupiter\u2013Venus 20/20/40 ladder""}]"
194,0167-12-27T12:00:00Z,1782416.0,1.723093032836914,1,"[{""module_id"":""2025_J_V_Merc_M"",""source_group"":""2025-09-10"",""family_id"":""F26_D_Jupiter-Mars-Mercury-Venus"",""excess_surprisal"":1.723093032836914,""n_bodies"":4,""note"":""Jupiter\u2013Venus\u2013Mercury\u2013Mars 0/30/60/90 ladder""}]"
195,0767-03-17T12:00:00Z,2001276.0,1.723093032836914,1,"[{""module_id"":""1918B_Merc_J_V"",""source_group"":""1918-04-17"",""family_id"":""F02_D_Jupiter-Mercury-Venus"",""excess_surprisal"":1.723093032836914,""n_bodies"":3,""note"":""April 17 Mercury\u2013Jupiter\u2013Venus 30/60/90""}]"
196,0323-10-06T12:00:00Z,1839311.0,1.723093032836914,1,"[{""module_id"":""1978_Merc_N_M"",""source_group"":""1978-12-11"",""family_id"":""F05_D_Mars-Mercury-Neptune"",""excess_surprisal"":1.723093032836914,""n_bodies"":3,""note"":""Mercury\u2013Neptune\u2013Mars midpoint""}]"
197,0456-05-07T12:00:00Z,1887738.0,1.723093032836914,1,"[{""module_id"":""1913_S_Merc_V"",""source_group"":""1913-12-23"",""family_id"":""F15_D_Mercury-Saturn-Venus"",""excess_surprisal"":1.723093032836914,""n_bodies"":3,""note"":""Saturn opposite Mercury/Venus fork""}]"
198,1477-07-02T12:00:00Z,2260706.0,1.723093032836914,1,"[{""module_id"":""2026B_N_P_V"",""source_group"":""2026-09-17"",""family_id"":""F21_D_Neptune-Pluto-Venus"",""excess_surprisal"":1.723093032836914,""n_bodies"":3,""note"":""Neptune\u2013Pluto\u2013Venus 60/90/150 triad""}]"
199,1057-04-05T12:00:00Z,2107216.0,1.723093032836914,1,"[{""module_id"":""2026F_M_V_S_N"",""source_group"":""2026-02-28"",""family_id"":""F35_D_Mercury-Neptune-Saturn-Venus"",""excess_surprisal"":1.723093032836914,""n_bodies"":4,""note"":""Mercury/Venus and Saturn/Neptune dual double-node""}]"
200,0226-10-20T12:00:00Z,1803897.0,1.723093032836914,1,"[{""module_id"":""1775_P_Merc_U"",""source_group"":""1775-04-19"",""family_id"":""F13_D_Mercury-Pluto-Uranus"",""excess_surprisal"":1.723093032836914,""n_bodies"":3,""note"":""Pluto\u2013Mercury\u2013Uranus 60/60/120 module""}]"
201,0933-05-06T12:00:00Z,2061957.0,1.723093032836914,1,"[{""module_id"":""1918A_P_Merc_N"",""source_group"":""1918-04-05"",""family_id"":""F11_D_Mercury-Neptune-Pluto"",""excess_surprisal"":1.723093032836914,""n_bodies"":3,""note"":""April 5 Pluto\u2013Mercury\u2013Neptune 30/60/90""}]"
202,0476-10-04T12:00:00Z,1895193.0,1.723093032836914,1,"[{""module_id"":""2020_S_Merc_N"",""source_group"":""2020-03-11"",""family_id"":""F12_D_Mercury-Neptune-Saturn"",""excess_surprisal"":1.723093032836914,""n_bodies"":3,""note"":""Saturn\u2013Mercury\u2013Neptune 30/20/50 rail""}]"
203,0497-09-28T12:00:00Z,1902857.0,1.723093032836914,1,"[{""module_id"":""2026A_S_M_J_Merc"",""source_group"":""2026-09-01"",""family_id"":""F25_D_Jupiter-Mars-Mercury-Saturn"",""excess_surprisal"":1.723093032836914,""n_bodies"":4,""note"":""Saturn-anchored 90/120/150 fan and 30/30/60 ladder""}]"
204,0302-09-10T12:00:00Z,1831615.0,1.6931300163269043,1,"[{""module_id"":""2008_Merc_V_M"",""source_group"":""2008-09-15"",""family_id"":""F06_D_Mars-Mercury-Venus"",""excess_surprisal"":1.6931300163269043,""n_bodies"":3,""note"":""Mercury\u2013Venus\u2013Mars triple node""}]"
205,0479-06-28T12:00:00Z,1896190.0,1.6931300163269043,1,"[{""module_id"":""2026B_N_U_V"",""source_group"":""2026-09-17"",""family_id"":""F23_D_Neptune-Uranus-Venus"",""excess_surprisal"":1.6931300163269043,""n_bodies"":3,""note"":""Venus near antipode of Uranus\u2013Neptune midpoint""}]"
206,1989-06-06T12:00:00Z,2447684.0,1.6931300163269043,1,"[{""module_id"":""1914_V_U_M"",""source_group"":""1914-06-28"",""family_id"":""F09_D_Mars-Uranus-Venus"",""excess_surprisal"":1.6931300163269043,""n_bodies"":3,""note"":""Venus\u2013Uranus diameter with Mars branch""}]"
207,1413-12-25T12:00:00Z,2237506.0,1.6931300163269043,1,"[{""module_id"":""1775_Merc_U_S"",""source_group"":""1775-04-19"",""family_id"":""F14_D_Mercury-Saturn-Uranus"",""excess_surprisal"":1.6931300163269043,""n_bodies"":3,""note"":""Mercury\u2013Uranus\u2013Saturn 60/120/180 module""}]"
208,0861-03-09T12:00:00Z,2035602.0,1.6931300163269043,1,"[{""module_id"":""1947_Merc_J_V"",""source_group"":""1947-11-29"",""family_id"":""F03_D_Jupiter-Mercury-Venus"",""excess_surprisal"":1.6931300163269043,""n_bodies"":3,""note"":""Mercury\u2013Jupiter\u2013Venus 20/20/40 ladder""}]"
209,1364-04-04T12:00:00Z,2219345.0,1.6931300163269043,1,"[{""module_id"":""1913_S_Merc_V"",""source_group"":""1913-12-23"",""family_id"":""F15_D_Mercury-Saturn-Venus"",""excess_surprisal"":1.6931300163269043,""n_bodies"":3,""note"":""Saturn opposite Mercury/Venus fork""}]"
210,0707-06-25T12:00:00Z,1979461.0,1.6931300163269043,1,"[{""module_id"":""1978_J_S_P"",""source_group"":""1978-12-11"",""family_id"":""F04_D_Jupiter-Pluto-Saturn"",""excess_surprisal"":1.6931300163269043,""n_bodies"":3,""note"":""Jupiter\u2013Saturn\u2013Pluto midpoint""}]"
211,0987-10-16T12:00:00Z,2081843.0,1.6931300163269043,1,"[{""module_id"":""1918B_Merc_J_V"",""source_group"":""1918-04-17"",""family_id"":""F02_D_Jupiter-Mercury-Venus"",""excess_surprisal"":1.6931300163269043,""n_bodies"":3,""note"":""April 17 Mercury\u2013Jupiter\u2013Venus 30/60/90""}]"
212,0496-11-04T12:00:00Z,1902529.0,1.6931300163269043,1,"[{""module_id"":""1978_Merc_N_M"",""source_group"":""1978-12-11"",""family_id"":""F05_D_Mars-Mercury-Neptune"",""excess_surprisal"":1.6931300163269043,""n_bodies"":3,""note"":""Mercury\u2013Neptune\u2013Mars midpoint""}]"
213,1980-08-29T12:00:00Z,2444481.0,1.6931300163269043,1,"[{""module_id"":""2026B_N_P_V"",""source_group"":""2026-09-17"",""family_id"":""F21_D_Neptune-Pluto-Venus"",""excess_surprisal"":1.6931300163269043,""n_bodies"":3,""note"":""Neptune\u2013Pluto\u2013Venus 60/90/150 triad""}]"
214,1657-06-17T12:00:00Z,2326435.0,1.6931300163269043,1,"[{""module_id"":""1947_M_V_U"",""source_group"":""1947-11-29"",""family_id"":""F10_D_Mars-Uranus-Venus"",""excess_surprisal"":1.6931300163269043,""n_bodies"":3,""note"":""Mars\u2013Venus\u2013Uranus 60/120/180 gate""}]"
215,0330-07-11T12:00:00Z,1841781.0,1.6651010513305664,1,"[{""module_id"":""1947_Merc_J_V"",""source_group"":""1947-11-29"",""family_id"":""F03_D_Jupiter-Mercury-Venus"",""excess_surprisal"":1.6651010513305664,""n_bodies"":3,""note"":""Mercury\u2013Jupiter\u2013Venus 20/20/40 ladder""}]"
216,1795-08-23T12:00:00Z,2376905.0,1.6651010513305664,1,"[{""module_id"":""2008_Merc_V_M"",""source_group"":""2008-09-15"",""family_id"":""F06_D_Mars-Mercury-Venus"",""excess_surprisal"":1.6651010513305664,""n_bodies"":3,""note"":""Mercury\u2013Venus\u2013Mars triple node""}]"
217,1173-10-22T12:00:00Z,2149784.0,1.6651010513305664,1,"[{""module_id"":""1913_S_Merc_V"",""source_group"":""1913-12-23"",""family_id"":""F15_D_Mercury-Saturn-Venus"",""excess_surprisal"":1.6651010513305664,""n_bodies"":3,""note"":""Saturn opposite Mercury/Venus fork""}]"
218,1015-07-14T12:00:00Z,2091975.0,1.6651010513305664,1,"[{""module_id"":""2023_P_V_M"",""source_group"":""2023-10-07"",""family_id"":""F08_D_Mars-Pluto-Venus"",""excess_surprisal"":1.6651010513305664,""n_bodies"":3,""note"":""Venus\u2013Mars\u2013Pluto 60/90/150 triad""}]"
219,1805-11-08T12:00:00Z,2380634.0,1.6651010513305664,1,"[{""module_id"":""1978_Merc_N_M"",""source_group"":""1978-12-11"",""family_id"":""F05_D_Mars-Mercury-Neptune"",""excess_surprisal"":1.6651010513305664,""n_bodies"":3,""note"":""Mercury\u2013Neptune\u2013Mars midpoint""}]"
220,1877-04-05T12:00:00Z,2406715.0,1.6651010513305664,1,"[{""module_id"":""2020_S_Merc_N"",""source_group"":""2020-03-11"",""family_id"":""F12_D_Mercury-Neptune-Saturn"",""excess_surprisal"":1.6651010513305664,""n_bodies"":3,""note"":""Saturn\u2013Mercury\u2013Neptune 30/20/50 rail""}]"
221,0686-03-29T12:00:00Z,1971704.0,1.6651010513305664,1,"[{""module_id"":""1775_Merc_U_S"",""source_group"":""1775-04-19"",""family_id"":""F14_D_Mercury-Saturn-Uranus"",""excess_surprisal"":1.6651010513305664,""n_bodies"":3,""note"":""Mercury\u2013Uranus\u2013Saturn 60/120/180 module""}]"
222,0172-10-29T12:00:00Z,1784184.0,1.6651010513305664,1,"[{""module_id"":""1929_U_Merc_V"",""source_group"":""1929-10-24"",""family_id"":""F16_D_Mercury-Uranus-Venus"",""excess_surprisal"":1.6651010513305664,""n_bodies"":3,""note"":""Uranus opposite Mercury/Venus gate""}]"
223,0752-12-23T12:00:00Z,1996079.0,1.6651010513305664,1,"[{""module_id"":""1918B_Merc_J_V"",""source_group"":""1918-04-17"",""family_id"":""F02_D_Jupiter-Mercury-Venus"",""excess_surprisal"":1.6651010513305664,""n_bodies"":3,""note"":""April 17 Mercury\u2013Jupiter\u2013Venus 30/60/90""}]"
224,1746-11-14T12:00:00Z,2359091.0,1.6387720108032227,1,"[{""module_id"":""1947_Merc_J_V"",""source_group"":""1947-11-29"",""family_id"":""F03_D_Jupiter-Mercury-Venus"",""excess_surprisal"":1.6387720108032227,""n_bodies"":3,""note"":""Mercury\u2013Jupiter\u2013Venus 20/20/40 ladder""}]"
225,1180-02-07T12:00:00Z,2152083.0,1.6387720108032227,1,"[{""module_id"":""2023_P_V_M"",""source_group"":""2023-10-07"",""family_id"":""F08_D_Mars-Pluto-Venus"",""excess_surprisal"":1.6387720108032227,""n_bodies"":3,""note"":""Venus\u2013Mars\u2013Pluto 60/90/150 triad""}]"
226,1520-04-01T12:00:00Z,2276319.0,1.6387720108032227,1,"[{""module_id"":""1775_P_Merc_U"",""source_group"":""1775-04-19"",""family_id"":""F13_D_Mercury-Pluto-Uranus"",""excess_surprisal"":1.6387720108032227,""n_bodies"":3,""note"":""Pluto\u2013Mercury\u2013Uranus 60/60/120 module""}]"
227,0390-05-30T12:00:00Z,1863654.0,1.6387720108032227,1,"[{""module_id"":""1929_U_Merc_V"",""source_group"":""1929-10-24"",""family_id"":""F16_D_Mercury-Uranus-Venus"",""excess_surprisal"":1.6387720108032227,""n_bodies"":3,""note"":""Uranus opposite Mercury/Venus gate""}]"
228,0438-03-22T12:00:00Z,1881117.0,1.6387720108032227,1,"[{""module_id"":""1918C_P_Merc_N"",""source_group"":""1918-05-22"",""family_id"":""F11_D_Mercury-Neptune-Pluto"",""excess_surprisal"":1.6387720108032227,""n_bodies"":3,""note"":""May 22 Pluto\u2013Mercury\u2013Neptune triad""}]"
229,1472-07-07T12:00:00Z,2258885.0,1.6387720108032227,1,"[{""module_id"":""2026B_N_P_V"",""source_group"":""2026-09-17"",""family_id"":""F21_D_Neptune-Pluto-Venus"",""excess_surprisal"":1.6387720108032227,""n_bodies"":3,""note"":""Neptune\u2013Pluto\u2013Venus 60/90/150 triad""}]"
230,0053-08-29T12:00:00Z,1740659.0,1.6387720108032227,1,"[{""module_id"":""1775_Merc_U_S"",""source_group"":""1775-04-19"",""family_id"":""F14_D_Mercury-Saturn-Uranus"",""excess_surprisal"":1.6387720108032227,""n_bodies"":3,""note"":""Mercury\u2013Uranus\u2013Saturn 60/120/180 module""}]"
231,1370-01-09T12:00:00Z,2221451.0,1.6387720108032227,1,"[{""module_id"":""1918B_Merc_J_V"",""source_group"":""1918-04-17"",""family_id"":""F02_D_Jupiter-Mercury-Venus"",""excess_surprisal"":1.6387720108032227,""n_bodies"":3,""note"":""April 17 Mercury\u2013Jupiter\u2013Venus 30/60/90""}]"
232,0129-08-20T12:00:00Z,1768408.0,1.6387720108032227,1,"[{""module_id"":""1978_Merc_N_M"",""source_group"":""1978-12-11"",""family_id"":""F05_D_Mars-Mercury-Neptune"",""excess_surprisal"":1.6387720108032227,""n_bodies"":3,""note"":""Mercury\u2013Neptune\u2013Mars midpoint""}]"
233,1330-11-08T12:00:00Z,2207144.0,1.6139488220214844,1,"[{""module_id"":""1947_Merc_J_V"",""source_group"":""1947-11-29"",""family_id"":""F03_D_Jupiter-Mercury-Venus"",""excess_surprisal"":1.6139488220214844,""n_bodies"":3,""note"":""Mercury\u2013Jupiter\u2013Venus 20/20/40 ladder""}]"
234,0368-05-23T12:00:00Z,1855612.0,1.6139488220214844,1,"[{""module_id"":""1775_P_Merc_U"",""source_group"":""1775-04-19"",""family_id"":""F13_D_Mercury-Pluto-Uranus"",""excess_surprisal"":1.6139488220214844,""n_bodies"":3,""note"":""Pluto\u2013Mercury\u2013Uranus 60/60/120 module""}]"
235,1205-12-18T12:00:00Z,2161529.0,1.6139488220214844,1,"[{""module_id"":""2008_Merc_V_M"",""source_group"":""2008-09-15"",""family_id"":""F06_D_Mars-Mercury-Venus"",""excess_surprisal"":1.6139488220214844,""n_bodies"":3,""note"":""Mercury\u2013Venus\u2013Mars triple node""}]"
236,2014-05-17T12:00:00Z,2456795.0,1.6139488220214844,1,"[{""module_id"":""1918B_Merc_J_V"",""source_group"":""1918-04-17"",""family_id"":""F02_D_Jupiter-Mercury-Venus"",""excess_surprisal"":1.6139488220214844,""n_bodies"":3,""note"":""April 17 Mercury\u2013Jupiter\u2013Venus 30/60/90""}]"
237,1435-11-20T12:00:00Z,2245506.0,1.6139488220214844,1,"[{""module_id"":""1929_U_Merc_V"",""source_group"":""1929-10-24"",""family_id"":""F16_D_Mercury-Uranus-Venus"",""excess_surprisal"":1.6139488220214844,""n_bodies"":3,""note"":""Uranus opposite Mercury/Venus gate""}]"
238,0296-12-27T12:00:00Z,1829533.0,1.5904674530029297,1,"[{""module_id"":""1913_S_Merc_V"",""source_group"":""1913-12-23"",""family_id"":""F15_D_Mercury-Saturn-Venus"",""excess_surprisal"":1.5904674530029297,""n_bodies"":3,""note"":""Saturn opposite Mercury/Venus fork""}]"
239,0388-06-20T12:00:00Z,1862945.0,1.5904674530029297,1,"[{""module_id"":""1914_V_U_M"",""source_group"":""1914-06-28"",""family_id"":""F09_D_Mars-Uranus-Venus"",""excess_surprisal"":1.5904674530029297,""n_bodies"":3,""note"":""Venus\u2013Uranus diameter with Mars branch""}]"
240,1883-08-02T12:00:00Z,2409025.0,1.5904674530029297,1,"[{""module_id"":""1947_P_S_M"",""source_group"":""1947-11-29"",""family_id"":""F07_D_Mars-Pluto-Saturn"",""excess_surprisal"":1.5904674530029297,""n_bodies"":3,""note"":""Pluto\u2013Saturn\u2013Mars tiny midpoint""}]"
241,0512-12-20T12:00:00Z,1908418.0,1.5904674530029297,1,"[{""module_id"":""2020_S_Merc_N"",""source_group"":""2020-03-11"",""family_id"":""F12_D_Mercury-Neptune-Saturn"",""excess_surprisal"":1.5904674530029297,""n_bodies"":3,""note"":""Saturn\u2013Mercury\u2013Neptune 30/20/50 rail""}]"
242,2019-10-10T12:00:00Z,2458767.0,1.5904674530029297,1,"[{""module_id"":""1929_U_Merc_V"",""source_group"":""1929-10-24"",""family_id"":""F16_D_Mercury-Uranus-Venus"",""excess_surprisal"":1.5904674530029297,""n_bodies"":3,""note"":""Uranus opposite Mercury/Venus gate""}]"
243,1046-12-16T12:00:00Z,2103453.0,1.5904674530029297,1,"[{""module_id"":""2026B_N_P_V"",""source_group"":""2026-09-17"",""family_id"":""F21_D_Neptune-Pluto-Venus"",""excess_surprisal"":1.5904674530029297,""n_bodies"":3,""note"":""Neptune\u2013Pluto\u2013Venus 60/90/150 triad""}]"
244,0340-10-21T12:00:00Z,1845536.0,1.5904674530029297,1,"[{""module_id"":""2023_P_V_M"",""source_group"":""2023-10-07"",""family_id"":""F08_D_Mars-Pluto-Venus"",""excess_surprisal"":1.5904674530029297,""n_bodies"":3,""note"":""Venus\u2013Mars\u2013Pluto 60/90/150 triad""}]"
245,1683-06-18T12:00:00Z,2335932.0,1.5904674530029297,1,"[{""module_id"":""1918B_Merc_J_V"",""source_group"":""1918-04-17"",""family_id"":""F02_D_Jupiter-Mercury-Venus"",""excess_surprisal"":1.5904674530029297,""n_bodies"":3,""note"":""April 17 Mercury\u2013Jupiter\u2013Venus 30/60/90""}]"
246,1216-02-11T12:00:00Z,2165236.0,1.5904674530029297,1,"[{""module_id"":""1947_Merc_J_V"",""source_group"":""1947-11-29"",""family_id"":""F03_D_Jupiter-Mercury-Venus"",""excess_surprisal"":1.5904674530029297,""n_bodies"":3,""note"":""Mercury\u2013Jupiter\u2013Venus 20/20/40 ladder""}]"
247,1185-03-29T12:00:00Z,2153960.0,1.5904674530029297,1,"[{""module_id"":""1775_Merc_U_S"",""source_group"":""1775-04-19"",""family_id"":""F14_D_Mercury-Saturn-Uranus"",""excess_surprisal"":1.5904674530029297,""n_bodies"":3,""note"":""Mercury\u2013Uranus\u2013Saturn 60/120/180 module""}]"
248,0307-05-01T12:00:00Z,1833309.0,1.5904674530029297,1,"[{""module_id"":""2026B_N_U_V"",""source_group"":""2026-09-17"",""family_id"":""F23_D_Neptune-Uranus-Venus"",""excess_surprisal"":1.5904674530029297,""n_bodies"":3,""note"":""Venus near antipode of Uranus\u2013Neptune midpoint""}]"
249,0498-11-25T12:00:00Z,1903280.0,1.5904674530029297,1,"[{""module_id"":""2025_J_V_Merc_M"",""source_group"":""2025-09-10"",""family_id"":""F26_D_Jupiter-Mars-Mercury-Venus"",""excess_surprisal"":1.5904674530029297,""n_bodies"":4,""note"":""Jupiter\u2013Venus\u2013Mercury\u2013Mars 0/30/60/90 ladder""}]"
250,0721-06-07T12:00:00Z,1984557.0,1.5681910514831543,1,"[{""module_id"":""1913_S_Merc_V"",""source_group"":""1913-12-23"",""family_id"":""F15_D_Mercury-Saturn-Venus"",""excess_surprisal"":1.5681910514831543,""n_bodies"":3,""note"":""Saturn opposite Mercury/Venus fork""}]"
251,0244-08-02T12:00:00Z,1810393.0,1.5681910514831543,1,"[{""module_id"":""1947_P_S_M"",""source_group"":""1947-11-29"",""family_id"":""F07_D_Mars-Pluto-Saturn"",""excess_surprisal"":1.5681910514831543,""n_bodies"":3,""note"":""Pluto\u2013Saturn\u2013Mars tiny midpoint""}]"
252,0974-04-27T12:00:00Z,2076923.0,1.5681910514831543,1,"[{""module_id"":""2026B_N_P_V"",""source_group"":""2026-09-17"",""family_id"":""F21_D_Neptune-Pluto-Venus"",""excess_surprisal"":1.5681910514831543,""n_bodies"":3,""note"":""Neptune\u2013Pluto\u2013Venus 60/90/150 triad""}]"
253,0478-05-18T12:00:00Z,1895784.0,1.5681910514831543,1,"[{""module_id"":""2026B_N_U_V"",""source_group"":""2026-09-17"",""family_id"":""F23_D_Neptune-Uranus-Venus"",""excess_surprisal"":1.5681910514831543,""n_bodies"":3,""note"":""Venus near antipode of Uranus\u2013Neptune midpoint""}]"
254,1865-04-02T12:00:00Z,2402329.0,1.5681910514831543,1,"[{""module_id"":""1775_Merc_U_S"",""source_group"":""1775-04-19"",""family_id"":""F14_D_Mercury-Saturn-Uranus"",""excess_surprisal"":1.5681910514831543,""n_bodies"":3,""note"":""Mercury\u2013Uranus\u2013Saturn 60/120/180 module""}]"
255,0931-03-29T12:00:00Z,2061188.0,1.5681910514831543,1,"[{""module_id"":""1918C_P_Merc_N"",""source_group"":""1918-05-22"",""family_id"":""F11_D_Mercury-Neptune-Pluto"",""excess_surprisal"":1.5681910514831543,""n_bodies"":3,""note"":""May 22 Pluto\u2013Mercury\u2013Neptune triad""}]"
256,0827-11-10T12:00:00Z,2023429.0,1.5681910514831543,1,"[{""module_id"":""2023_P_V_M"",""source_group"":""2023-10-07"",""family_id"":""F08_D_Mars-Pluto-Venus"",""excess_surprisal"":1.5681910514831543,""n_bodies"":3,""note"":""Venus\u2013Mars\u2013Pluto 60/90/150 triad""}]"
257,1275-12-25T12:00:00Z,2187103.0,1.5681910514831543,1,"[{""module_id"":""1929_U_Merc_V"",""source_group"":""1929-10-24"",""family_id"":""F16_D_Mercury-Uranus-Venus"",""excess_surprisal"":1.5681910514831543,""n_bodies"":3,""note"":""Uranus opposite Mercury/Venus gate""}]"
258,1244-07-31T12:00:00Z,2175634.0,1.5681910514831543,1,"[{""module_id"":""1947_Merc_J_V"",""source_group"":""1947-11-29"",""family_id"":""F03_D_Jupiter-Mercury-Venus"",""excess_surprisal"":1.5681910514831543,""n_bodies"":3,""note"":""Mercury\u2013Jupiter\u2013Venus 20/20/40 ladder""}]"
259,0590-06-06T12:00:00Z,1936710.0,1.547001838684082,1,"[{""module_id"":""2026F_M_V_S_N"",""source_group"":""2026-02-28"",""family_id"":""F35_D_Mercury-Neptune-Saturn-Venus"",""excess_surprisal"":1.547001838684082,""n_bodies"":4,""note"":""Mercury/Venus and Saturn/Neptune dual double-node""}]"
260,1915-08-12T12:00:00Z,2420722.0,1.547001838684082,1,"[{""module_id"":""1929_U_Merc_V"",""source_group"":""1929-10-24"",""family_id"":""F16_D_Mercury-Uranus-Venus"",""excess_surprisal"":1.547001838684082,""n_bodies"":3,""note"":""Uranus opposite Mercury/Venus gate""}]"
261,0759-09-24T12:00:00Z,1998545.0,1.547001838684082,1,"[{""module_id"":""1913_S_Merc_V"",""source_group"":""1913-12-23"",""family_id"":""F15_D_Mercury-Saturn-Venus"",""excess_surprisal"":1.547001838684082,""n_bodies"":3,""note"":""Saturn opposite Mercury/Venus fork""}]"
262,1182-09-14T12:00:00Z,2153033.0,1.547001838684082,1,"[{""module_id"":""2008_Merc_V_M"",""source_group"":""2008-09-15"",""family_id"":""F06_D_Mars-Mercury-Venus"",""excess_surprisal"":1.547001838684082,""n_bodies"":3,""note"":""Mercury\u2013Venus\u2013Mars triple node""}]"
263,1264-01-26T12:00:00Z,2182752.0,1.547001838684082,1,"[{""module_id"":""1775_P_Merc_U"",""source_group"":""1775-04-19"",""family_id"":""F13_D_Mercury-Pluto-Uranus"",""excess_surprisal"":1.547001838684082,""n_bodies"":3,""note"":""Pluto\u2013Mercury\u2013Uranus 60/60/120 module""}]"
264,1748-01-20T12:00:00Z,2359523.0,1.547001838684082,1,"[{""module_id"":""1947_Merc_J_V"",""source_group"":""1947-11-29"",""family_id"":""F03_D_Jupiter-Mercury-Venus"",""excess_surprisal"":1.547001838684082,""n_bodies"":3,""note"":""Mercury\u2013Jupiter\u2013Venus 20/20/40 ladder""}]"
265,0474-04-10T12:00:00Z,1894285.0,1.547001838684082,1,"[{""module_id"":""1947_M_V_U"",""source_group"":""1947-11-29"",""family_id"":""F10_D_Mars-Uranus-Venus"",""excess_surprisal"":1.547001838684082,""n_bodies"":3,""note"":""Mars\u2013Venus\u2013Uranus 60/120/180 gate""}]"
266,1233-05-16T12:00:00Z,2171540.0,1.547001838684082,1,"[{""module_id"":""1914_V_U_M"",""source_group"":""1914-06-28"",""family_id"":""F09_D_Mars-Uranus-Venus"",""excess_surprisal"":1.547001838684082,""n_bodies"":3,""note"":""Venus\u2013Uranus diameter with Mars branch""}]"
267,2025-11-07T12:00:00Z,2460987.0,1.5435395240783691,2,"[{""module_id"":""2026B_N_U_V"",""source_group"":""2026-09-17"",""family_id"":""F23_D_Neptune-Uranus-Venus"",""excess_surprisal"":0.9198310375213623,""n_bodies"":3,""note"":""Venus near antipode of Uranus\u2013Neptune midpoint""},{""module_id"":""2025_P_S_N_U"",""source_group"":""2025-09-10"",""family_id"":""F38_D_Neptune-Pluto-Saturn-Uranus"",""excess_surprisal"":0.6237084865570068,""n_bodies"":4,""note"":""Pluto\u2013Saturn/Neptune\u2013Uranus 0/60/120 scaffold""}]"
268,0474-10-01T12:00:00Z,1894459.0,1.5267982482910156,1,"[{""module_id"":""2021_P_M_S_J_N_U_SHELL"",""source_group"":""2021-09-11"",""family_id"":""F43_S_Jupiter-Mars-Neptune-Pluto-Saturn-Uranus"",""excess_surprisal"":1.5267982482910156,""n_bodies"":6,""note"":""Same radial shells with handedness removed""}]"
269,1919-05-19T12:00:00Z,2422098.0,1.5267982482910156,1,"[{""module_id"":""1918A_P_Merc_N"",""source_group"":""1918-04-05"",""family_id"":""F11_D_Mercury-Neptune-Pluto"",""excess_surprisal"":1.5267982482910156,""n_bodies"":3,""note"":""April 5 Pluto\u2013Mercury\u2013Neptune 30/60/90""}]"
270,1634-07-18T12:00:00Z,2318065.0,1.5267982482910156,1,"[{""module_id"":""1775_P_Merc_U"",""source_group"":""1775-04-19"",""family_id"":""F13_D_Mercury-Pluto-Uranus"",""excess_surprisal"":1.5267982482910156,""n_bodies"":3,""note"":""Pluto\u2013Mercury\u2013Uranus 60/60/120 module""}]"
271,1425-07-03T12:00:00Z,2241714.0,1.5267982482910156,1,"[{""module_id"":""1914_P_N_Merc_M"",""source_group"":""1914-06-28"",""family_id"":""F33_D_Mars-Mercury-Neptune-Pluto"",""excess_surprisal"":1.5267982482910156,""n_bodies"":4,""note"":""Pluto \u2192 Neptune/Mercury double-node \u2192 Mars""}]"
272,1984-07-14T12:00:00Z,2445896.0,1.5267982482910156,1,"[{""module_id"":""2026B_N_P_V"",""source_group"":""2026-09-17"",""family_id"":""F21_D_Neptune-Pluto-Venus"",""excess_surprisal"":1.5267982482910156,""n_bodies"":3,""note"":""Neptune\u2013Pluto\u2013Venus 60/90/150 triad""}]"
273,1156-06-26T12:00:00Z,2143457.0,1.5267982482910156,1,"[{""module_id"":""1929_U_Merc_V_M"",""source_group"":""1929-10-24"",""family_id"":""F34_D_Mars-Mercury-Uranus-Venus"",""excess_surprisal"":1.5267982482910156,""n_bodies"":4,""note"":""Opposition gate plus 30-degree Mars routing""}]"
274,1445-09-06T12:00:00Z,2249084.0,1.5267982482910156,1,"[{""module_id"":""2020_S_Merc_N"",""source_group"":""2020-03-11"",""family_id"":""F12_D_Mercury-Neptune-Saturn"",""excess_surprisal"":1.5267982482910156,""n_bodies"":3,""note"":""Saturn\u2013Mercury\u2013Neptune 30/20/50 rail""}]"
275,0994-05-11T12:00:00Z,2084242.0,1.5267982482910156,1,"[{""module_id"":""1918B_Merc_J_V"",""source_group"":""1918-04-17"",""family_id"":""F02_D_Jupiter-Mercury-Venus"",""excess_surprisal"":1.5267982482910156,""n_bodies"":3,""note"":""April 17 Mercury\u2013Jupiter\u2013Venus 30/60/90""}]"
276,1967-07-06T12:00:00Z,2439678.0,1.5267982482910156,1,"[{""module_id"":""1947_Merc_J_V"",""source_group"":""1947-11-29"",""family_id"":""F03_D_Jupiter-Mercury-Venus"",""excess_surprisal"":1.5267982482910156,""n_bodies"":3,""note"":""Mercury\u2013Jupiter\u2013Venus 20/20/40 ladder""}]"
277,0113-10-18T12:00:00Z,1762623.0,1.5267982482910156,1,"[{""module_id"":""1913_S_Merc_V"",""source_group"":""1913-12-23"",""family_id"":""F15_D_Mercury-Saturn-Venus"",""excess_surprisal"":1.5267982482910156,""n_bodies"":3,""note"":""Saturn opposite Mercury/Venus fork""}]"
278,1265-11-04T12:00:00Z,2183400.0,1.5267982482910156,1,"[{""module_id"":""1929_U_Merc_V"",""source_group"":""1929-10-24"",""family_id"":""F16_D_Mercury-Uranus-Venus"",""excess_surprisal"":1.5267982482910156,""n_bodies"":3,""note"":""Uranus opposite Mercury/Venus gate""}]"
279,0868-05-17T12:00:00Z,2038228.0,1.5267982482910156,1,"[{""module_id"":""1775_Merc_U_S"",""source_group"":""1775-04-19"",""family_id"":""F14_D_Mercury-Saturn-Uranus"",""excess_surprisal"":1.5267982482910156,""n_bodies"":3,""note"":""Mercury\u2013Uranus\u2013Saturn 60/120/180 module""}]"
280,1339-09-23T12:00:00Z,2210385.0,1.5267982482910156,1,"[{""module_id"":""2026B_N_U_V"",""source_group"":""2026-09-17"",""family_id"":""F23_D_Neptune-Uranus-Venus"",""excess_surprisal"":1.5267982482910156,""n_bodies"":3,""note"":""Venus near antipode of Uranus\u2013Neptune midpoint""}]"
281,0692-12-23T12:00:00Z,1974165.0,1.507493495941162,1,"[{""module_id"":""2020_S_Merc_N"",""source_group"":""2020-03-11"",""family_id"":""F12_D_Mercury-Neptune-Saturn"",""excess_surprisal"":1.507493495941162,""n_bodies"":3,""note"":""Saturn\u2013Mercury\u2013Neptune 30/20/50 rail""}]"
282,1967-04-10T12:00:00Z,2439591.0,1.507493495941162,1,"[{""module_id"":""1918C_V_J_M"",""source_group"":""1918-05-22"",""family_id"":""F01_D_Jupiter-Mars-Venus"",""excess_surprisal"":1.507493495941162,""n_bodies"":3,""note"":""May 22 Venus\u2013Jupiter\u2013Mars triad""}]"
283,2026-04-29T12:00:00Z,2461160.0,1.507493495941162,1,"[{""module_id"":""2023_P_N_U"",""source_group"":""2023-10-07"",""family_id"":""F19_D_Neptune-Pluto-Uranus"",""excess_surprisal"":1.507493495941162,""n_bodies"":3,""note"":""Pluto\u2013Neptune\u2013Uranus 60/60/120 triad""}]"
284,0643-09-26T12:00:00Z,1956179.0,1.507493495941162,1,"[{""module_id"":""1775_Merc_U_S"",""source_group"":""1775-04-19"",""family_id"":""F14_D_Mercury-Saturn-Uranus"",""excess_surprisal"":1.507493495941162,""n_bodies"":3,""note"":""Mercury\u2013Uranus\u2013Saturn 60/120/180 module""}]"
285,1949-11-13T12:00:00Z,2433234.0,1.507493495941162,1,"[{""module_id"":""1947_M_V_U"",""source_group"":""1947-11-29"",""family_id"":""F10_D_Mars-Uranus-Venus"",""excess_surprisal"":1.507493495941162,""n_bodies"":3,""note"":""Mars\u2013Venus\u2013Uranus 60/120/180 gate""}]"
286,1501-02-03T12:00:00Z,2269322.0,1.507493495941162,1,"[{""module_id"":""1918B_Merc_J_V"",""source_group"":""1918-04-17"",""family_id"":""F02_D_Jupiter-Mercury-Venus"",""excess_surprisal"":1.507493495941162,""n_bodies"":3,""note"":""April 17 Mercury\u2013Jupiter\u2013Venus 30/60/90""}]"
287,1511-04-10T12:00:00Z,2273040.0,1.507493495941162,1,"[{""module_id"":""1913_S_Merc_V"",""source_group"":""1913-12-23"",""family_id"":""F15_D_Mercury-Saturn-Venus"",""excess_surprisal"":1.507493495941162,""n_bodies"":3,""note"":""Saturn opposite Mercury/Venus fork""}]"
288,1953-06-29T12:00:00Z,2434558.0,1.507493495941162,1,"[{""module_id"":""2026B_N_P_V"",""source_group"":""2026-09-17"",""family_id"":""F21_D_Neptune-Pluto-Venus"",""excess_surprisal"":1.507493495941162,""n_bodies"":3,""note"":""Neptune\u2013Pluto\u2013Venus 60/90/150 triad""}]"
289,0440-04-29T12:00:00Z,1881886.0,1.507493495941162,1,"[{""module_id"":""1918A_P_Merc_N"",""source_group"":""1918-04-05"",""family_id"":""F11_D_Mercury-Neptune-Pluto"",""excess_surprisal"":1.507493495941162,""n_bodies"":3,""note"":""April 5 Pluto\u2013Mercury\u2013Neptune 30/60/90""}]"
290,0174-09-04T12:00:00Z,1784859.0,1.507493495941162,1,"[{""module_id"":""2008_Merc_V_M"",""source_group"":""2008-09-15"",""family_id"":""F06_D_Mars-Mercury-Venus"",""excess_surprisal"":1.507493495941162,""n_bodies"":3,""note"":""Mercury\u2013Venus\u2013Mars triple node""}]"
291,1547-01-06T12:00:00Z,2286095.0,1.507493495941162,1,"[{""module_id"":""1947_Merc_J_V"",""source_group"":""1947-11-29"",""family_id"":""F03_D_Jupiter-Mercury-Venus"",""excess_surprisal"":1.507493495941162,""n_bodies"":3,""note"":""Mercury\u2013Jupiter\u2013Venus 20/20/40 ladder""}]"
292,0038-04-14T12:00:00Z,1735043.0,1.507493495941162,1,"[{""module_id"":""1914_V_U_M"",""source_group"":""1914-06-28"",""family_id"":""F09_D_Mars-Uranus-Venus"",""excess_surprisal"":1.507493495941162,""n_bodies"":3,""note"":""Venus\u2013Uranus diameter with Mars branch""}]"
293,1769-08-27T12:00:00Z,2367413.0,1.4890098571777344,1,"[{""module_id"":""1978_Merc_N_M"",""source_group"":""1978-12-11"",""family_id"":""F05_D_Mars-Mercury-Neptune"",""excess_surprisal"":1.4890098571777344,""n_bodies"":3,""note"":""Mercury\u2013Neptune\u2013Mars midpoint""}]"
294,0763-10-31T12:00:00Z,2000043.0,1.4890098571777344,1,"[{""module_id"":""1914_V_U_M"",""source_group"":""1914-06-28"",""family_id"":""F09_D_Mars-Uranus-Venus"",""excess_surprisal"":1.4890098571777344,""n_bodies"":3,""note"":""Venus\u2013Uranus diameter with Mars branch""}]"
295,2019-05-21T12:00:00Z,2458625.0,1.4890098571777344,1,"[{""module_id"":""2020_N_U_V"",""source_group"":""2020-03-11"",""family_id"":""F22_D_Neptune-Uranus-Venus"",""excess_surprisal"":1.4890098571777344,""n_bodies"":3,""note"":""Neptune to Uranus/Venus double node""}]"
296,0918-08-01T12:00:00Z,2056565.0,1.4890098571777344,1,"[{""module_id"":""1947_M_V_U"",""source_group"":""1947-11-29"",""family_id"":""F10_D_Mars-Uranus-Venus"",""excess_surprisal"":1.4890098571777344,""n_bodies"":3,""note"":""Mars\u2013Venus\u2013Uranus 60/120/180 gate""}]"
297,1700-08-10T12:00:00Z,2342194.0,1.4890098571777344,1,"[{""module_id"":""1913_S_Merc_V"",""source_group"":""1913-12-23"",""family_id"":""F15_D_Mercury-Saturn-Venus"",""excess_surprisal"":1.4890098571777344,""n_bodies"":3,""note"":""Saturn opposite Mercury/Venus fork""}]"
298,0535-08-18T12:00:00Z,1916694.0,1.4890098571777344,1,"[{""module_id"":""1918B_Merc_J_V"",""source_group"":""1918-04-17"",""family_id"":""F02_D_Jupiter-Mercury-Venus"",""excess_surprisal"":1.4890098571777344,""n_bodies"":3,""note"":""April 17 Mercury\u2013Jupiter\u2013Venus 30/60/90""}]"
299,0547-07-18T12:00:00Z,1921046.0,1.4890098571777344,1,"[{""module_id"":""2023_P_V_M"",""source_group"":""2023-10-07"",""family_id"":""F08_D_Mars-Pluto-Venus"",""excess_surprisal"":1.4890098571777344,""n_bodies"":3,""note"":""Venus\u2013Mars\u2013Pluto 60/90/150 triad""}]"
300,1424-04-04T12:00:00Z,2241259.0,1.4890098571777344,1,"[{""module_id"":""1918C_P_Merc_N"",""source_group"":""1918-05-22"",""family_id"":""F11_D_Mercury-Neptune-Pluto"",""excess_surprisal"":1.4890098571777344,""n_bodies"":3,""note"":""May 22 Pluto\u2013Mercury\u2013Neptune triad""}]"
