task_id,scenario,expected,primary_valid,status,accepted_answer,wrong_accepted,primary_wrong,outside_trust_assumptions
0,control,True,True,ACCEPT_PRIMARY,True,False,False,False
0,answer_flip,True,False,RECOVERED,True,False,True,False
0,proof_step_drop,True,False,RECOVERED,True,False,False,False
0,invalid_rule_id,True,False,RECOVERED,True,False,False,False
0,countermodel_bit_flip,True,True,ACCEPT_PRIMARY,True,False,False,False
0,input_query_replacement,True,False,RECOVERED,True,False,True,False
0,worker_output_missing,True,False,RECOVERED,True,False,False,False
0,correlated_wrong_answers,True,False,UNRESOLVED,,False,True,False
0,both_outputs_missing,True,False,UNRESOLVED,,False,False,False
0,malformed_output,True,False,RECOVERED,True,False,False,False
0,checker_corruption_boundary,True,False,ACCEPT_PRIMARY,False,True,True,True
1,control,False,True,ACCEPT_PRIMARY,False,False,False,False
1,answer_flip,False,False,RECOVERED,False,False,True,False
1,proof_step_drop,False,True,ACCEPT_PRIMARY,False,False,False,False
1,invalid_rule_id,False,True,ACCEPT_PRIMARY,False,False,False,False
1,countermodel_bit_flip,False,False,RECOVERED,False,False,False,False
1,input_query_replacement,False,False,RECOVERED,False,False,True,False
1,worker_output_missing,False,False,RECOVERED,False,False,False,False
1,correlated_wrong_answers,False,False,UNRESOLVED,,False,True,False
1,both_outputs_missing,False,False,UNRESOLVED,,False,False,False
1,malformed_output,False,False,RECOVERED,False,False,False,False
1,checker_corruption_boundary,False,False,ACCEPT_PRIMARY,True,True,True,True
2,control,True,True,ACCEPT_PRIMARY,True,False,False,False
2,answer_flip,True,False,RECOVERED,True,False,True,False
2,proof_step_drop,True,False,RECOVERED,True,False,False,False
2,invalid_rule_id,True,False,RECOVERED,True,False,False,False
2,countermodel_bit_flip,True,True,ACCEPT_PRIMARY,True,False,False,False
2,input_query_replacement,True,False,RECOVERED,True,False,False,False
2,worker_output_missing,True,False,RECOVERED,True,False,False,False
2,correlated_wrong_answers,True,False,UNRESOLVED,,False,True,False
2,both_outputs_missing,True,False,UNRESOLVED,,False,False,False
2,malformed_output,True,False,RECOVERED,True,False,False,False
2,checker_corruption_boundary,True,False,ACCEPT_PRIMARY,False,True,True,True
3,control,False,True,ACCEPT_PRIMARY,False,False,False,False
3,answer_flip,False,False,RECOVERED,False,False,True,False
3,proof_step_drop,False,True,ACCEPT_PRIMARY,False,False,False,False
3,invalid_rule_id,False,True,ACCEPT_PRIMARY,False,False,False,False
3,countermodel_bit_flip,False,False,RECOVERED,False,False,False,False
3,input_query_replacement,False,False,RECOVERED,False,False,True,False
3,worker_output_missing,False,False,RECOVERED,False,False,False,False
3,correlated_wrong_answers,False,False,UNRESOLVED,,False,True,False
3,both_outputs_missing,False,False,UNRESOLVED,,False,False,False
3,malformed_output,False,False,RECOVERED,False,False,False,False
3,checker_corruption_boundary,False,False,ACCEPT_PRIMARY,True,True,True,True
4,control,True,True,ACCEPT_PRIMARY,True,False,False,False
4,answer_flip,True,False,RECOVERED,True,False,True,False
4,proof_step_drop,True,False,RECOVERED,True,False,False,False
4,invalid_rule_id,True,False,RECOVERED,True,False,False,False
4,countermodel_bit_flip,True,True,ACCEPT_PRIMARY,True,False,False,False
4,input_query_replacement,True,False,RECOVERED,True,False,False,False
4,worker_output_missing,True,False,RECOVERED,True,False,False,False
4,correlated_wrong_answers,True,False,UNRESOLVED,,False,True,False
4,both_outputs_missing,True,False,UNRESOLVED,,False,False,False
4,malformed_output,True,False,RECOVERED,True,False,False,False
4,checker_corruption_boundary,True,False,ACCEPT_PRIMARY,False,True,True,True
5,control,False,True,ACCEPT_PRIMARY,False,False,False,False
5,answer_flip,False,False,RECOVERED,False,False,True,False
5,proof_step_drop,False,True,ACCEPT_PRIMARY,False,False,False,False
5,invalid_rule_id,False,True,ACCEPT_PRIMARY,False,False,False,False
5,countermodel_bit_flip,False,False,RECOVERED,False,False,False,False
5,input_query_replacement,False,False,RECOVERED,False,False,True,False
5,worker_output_missing,False,False,RECOVERED,False,False,False,False
5,correlated_wrong_answers,False,False,UNRESOLVED,,False,True,False
5,both_outputs_missing,False,False,UNRESOLVED,,False,False,False
5,malformed_output,False,False,RECOVERED,False,False,False,False
5,checker_corruption_boundary,False,False,ACCEPT_PRIMARY,True,True,True,True
6,control,True,True,ACCEPT_PRIMARY,True,False,False,False
6,answer_flip,True,False,RECOVERED,True,False,True,False
6,proof_step_drop,True,False,RECOVERED,True,False,False,False
6,invalid_rule_id,True,False,RECOVERED,True,False,False,False
6,countermodel_bit_flip,True,True,ACCEPT_PRIMARY,True,False,False,False
6,input_query_replacement,True,False,RECOVERED,True,False,False,False
6,worker_output_missing,True,False,RECOVERED,True,False,False,False
6,correlated_wrong_answers,True,False,UNRESOLVED,,False,True,False
6,both_outputs_missing,True,False,UNRESOLVED,,False,False,False
6,malformed_output,True,False,RECOVERED,True,False,False,False
6,checker_corruption_boundary,True,False,ACCEPT_PRIMARY,False,True,True,True
7,control,False,True,ACCEPT_PRIMARY,False,False,False,False
7,answer_flip,False,False,RECOVERED,False,False,True,False
7,proof_step_drop,False,True,ACCEPT_PRIMARY,False,False,False,False
7,invalid_rule_id,False,True,ACCEPT_PRIMARY,False,False,False,False
7,countermodel_bit_flip,False,False,RECOVERED,False,False,False,False
7,input_query_replacement,False,False,RECOVERED,False,False,True,False
7,worker_output_missing,False,False,RECOVERED,False,False,False,False
7,correlated_wrong_answers,False,False,UNRESOLVED,,False,True,False
7,both_outputs_missing,False,False,UNRESOLVED,,False,False,False
7,malformed_output,False,False,RECOVERED,False,False,False,False
7,checker_corruption_boundary,False,False,ACCEPT_PRIMARY,True,True,True,True
8,control,True,True,ACCEPT_PRIMARY,True,False,False,False
8,answer_flip,True,False,RECOVERED,True,False,True,False
8,proof_step_drop,True,False,RECOVERED,True,False,False,False
8,invalid_rule_id,True,False,RECOVERED,True,False,False,False
8,countermodel_bit_flip,True,True,ACCEPT_PRIMARY,True,False,False,False
8,input_query_replacement,True,False,RECOVERED,True,False,False,False
8,worker_output_missing,True,False,RECOVERED,True,False,False,False
8,correlated_wrong_answers,True,False,UNRESOLVED,,False,True,False
8,both_outputs_missing,True,False,UNRESOLVED,,False,False,False
8,malformed_output,True,False,RECOVERED,True,False,False,False
8,checker_corruption_boundary,True,False,ACCEPT_PRIMARY,False,True,True,True
9,control,False,True,ACCEPT_PRIMARY,False,False,False,False
9,answer_flip,False,False,RECOVERED,False,False,True,False
9,proof_step_drop,False,True,ACCEPT_PRIMARY,False,False,False,False
9,invalid_rule_id,False,True,ACCEPT_PRIMARY,False,False,False,False
9,countermodel_bit_flip,False,False,RECOVERED,False,False,False,False
9,input_query_replacement,False,False,RECOVERED,False,False,True,False
9,worker_output_missing,False,False,RECOVERED,False,False,False,False
9,correlated_wrong_answers,False,False,UNRESOLVED,,False,True,False
9,both_outputs_missing,False,False,UNRESOLVED,,False,False,False
9,malformed_output,False,False,RECOVERED,False,False,False,False
9,checker_corruption_boundary,False,False,ACCEPT_PRIMARY,True,True,True,True
10,control,True,True,ACCEPT_PRIMARY,True,False,False,False
10,answer_flip,True,False,RECOVERED,True,False,True,False
10,proof_step_drop,True,False,RECOVERED,True,False,False,False
10,invalid_rule_id,True,False,RECOVERED,True,False,False,False
10,countermodel_bit_flip,True,True,ACCEPT_PRIMARY,True,False,False,False
10,input_query_replacement,True,False,RECOVERED,True,False,False,False
10,worker_output_missing,True,False,RECOVERED,True,False,False,False
10,correlated_wrong_answers,True,False,UNRESOLVED,,False,True,False
10,both_outputs_missing,True,False,UNRESOLVED,,False,False,False
10,malformed_output,True,False,RECOVERED,True,False,False,False
10,checker_corruption_boundary,True,False,ACCEPT_PRIMARY,False,True,True,True
11,control,False,True,ACCEPT_PRIMARY,False,False,False,False
11,answer_flip,False,False,RECOVERED,False,False,True,False
11,proof_step_drop,False,True,ACCEPT_PRIMARY,False,False,False,False
11,invalid_rule_id,False,True,ACCEPT_PRIMARY,False,False,False,False
11,countermodel_bit_flip,False,False,RECOVERED,False,False,False,False
11,input_query_replacement,False,False,RECOVERED,False,False,True,False
11,worker_output_missing,False,False,RECOVERED,False,False,False,False
11,correlated_wrong_answers,False,False,UNRESOLVED,,False,True,False
11,both_outputs_missing,False,False,UNRESOLVED,,False,False,False
11,malformed_output,False,False,RECOVERED,False,False,False,False
11,checker_corruption_boundary,False,False,ACCEPT_PRIMARY,True,True,True,True
12,control,True,True,ACCEPT_PRIMARY,True,False,False,False
12,answer_flip,True,False,RECOVERED,True,False,True,False
12,proof_step_drop,True,False,RECOVERED,True,False,False,False
12,invalid_rule_id,True,False,RECOVERED,True,False,False,False
12,countermodel_bit_flip,True,True,ACCEPT_PRIMARY,True,False,False,False
12,input_query_replacement,True,False,RECOVERED,True,False,False,False
12,worker_output_missing,True,False,RECOVERED,True,False,False,False
12,correlated_wrong_answers,True,False,UNRESOLVED,,False,True,False
12,both_outputs_missing,True,False,UNRESOLVED,,False,False,False
12,malformed_output,True,False,RECOVERED,True,False,False,False
12,checker_corruption_boundary,True,False,ACCEPT_PRIMARY,False,True,True,True
13,control,False,True,ACCEPT_PRIMARY,False,False,False,False
13,answer_flip,False,False,RECOVERED,False,False,True,False
13,proof_step_drop,False,True,ACCEPT_PRIMARY,False,False,False,False
13,invalid_rule_id,False,True,ACCEPT_PRIMARY,False,False,False,False
13,countermodel_bit_flip,False,False,RECOVERED,False,False,False,False
13,input_query_replacement,False,False,RECOVERED,False,False,True,False
13,worker_output_missing,False,False,RECOVERED,False,False,False,False
13,correlated_wrong_answers,False,False,UNRESOLVED,,False,True,False
13,both_outputs_missing,False,False,UNRESOLVED,,False,False,False
13,malformed_output,False,False,RECOVERED,False,False,False,False
13,checker_corruption_boundary,False,False,ACCEPT_PRIMARY,True,True,True,True
14,control,True,True,ACCEPT_PRIMARY,True,False,False,False
14,answer_flip,True,False,RECOVERED,True,False,True,False
14,proof_step_drop,True,False,RECOVERED,True,False,False,False
14,invalid_rule_id,True,False,RECOVERED,True,False,False,False
14,countermodel_bit_flip,True,True,ACCEPT_PRIMARY,True,False,False,False
14,input_query_replacement,True,False,RECOVERED,True,False,False,False
14,worker_output_missing,True,False,RECOVERED,True,False,False,False
14,correlated_wrong_answers,True,False,UNRESOLVED,,False,True,False
14,both_outputs_missing,True,False,UNRESOLVED,,False,False,False
14,malformed_output,True,False,RECOVERED,True,False,False,False
14,checker_corruption_boundary,True,False,ACCEPT_PRIMARY,False,True,True,True
15,control,False,True,ACCEPT_PRIMARY,False,False,False,False
15,answer_flip,False,False,RECOVERED,False,False,True,False
15,proof_step_drop,False,True,ACCEPT_PRIMARY,False,False,False,False
15,invalid_rule_id,False,True,ACCEPT_PRIMARY,False,False,False,False
15,countermodel_bit_flip,False,False,RECOVERED,False,False,False,False
15,input_query_replacement,False,False,RECOVERED,False,False,False,False
15,worker_output_missing,False,False,RECOVERED,False,False,False,False
15,correlated_wrong_answers,False,False,UNRESOLVED,,False,True,False
15,both_outputs_missing,False,False,UNRESOLVED,,False,False,False
15,malformed_output,False,False,RECOVERED,False,False,False,False
15,checker_corruption_boundary,False,False,ACCEPT_PRIMARY,True,True,True,True
16,control,True,True,ACCEPT_PRIMARY,True,False,False,False
16,answer_flip,True,False,RECOVERED,True,False,True,False
16,proof_step_drop,True,False,RECOVERED,True,False,False,False
16,invalid_rule_id,True,False,RECOVERED,True,False,False,False
16,countermodel_bit_flip,True,True,ACCEPT_PRIMARY,True,False,False,False
16,input_query_replacement,True,False,RECOVERED,True,False,True,False
16,worker_output_missing,True,False,RECOVERED,True,False,False,False
16,correlated_wrong_answers,True,False,UNRESOLVED,,False,True,False
16,both_outputs_missing,True,False,UNRESOLVED,,False,False,False
16,malformed_output,True,False,RECOVERED,True,False,False,False
16,checker_corruption_boundary,True,False,ACCEPT_PRIMARY,False,True,True,True
17,control,False,True,ACCEPT_PRIMARY,False,False,False,False
17,answer_flip,False,False,RECOVERED,False,False,True,False
17,proof_step_drop,False,True,ACCEPT_PRIMARY,False,False,False,False
17,invalid_rule_id,False,True,ACCEPT_PRIMARY,False,False,False,False
17,countermodel_bit_flip,False,False,RECOVERED,False,False,False,False
17,input_query_replacement,False,False,RECOVERED,False,False,False,False
17,worker_output_missing,False,False,RECOVERED,False,False,False,False
17,correlated_wrong_answers,False,False,UNRESOLVED,,False,True,False
17,both_outputs_missing,False,False,UNRESOLVED,,False,False,False
17,malformed_output,False,False,RECOVERED,False,False,False,False
17,checker_corruption_boundary,False,False,ACCEPT_PRIMARY,True,True,True,True
18,control,True,True,ACCEPT_PRIMARY,True,False,False,False
18,answer_flip,True,False,RECOVERED,True,False,True,False
18,proof_step_drop,True,False,RECOVERED,True,False,False,False
18,invalid_rule_id,True,False,RECOVERED,True,False,False,False
18,countermodel_bit_flip,True,True,ACCEPT_PRIMARY,True,False,False,False
18,input_query_replacement,True,False,RECOVERED,True,False,True,False
18,worker_output_missing,True,False,RECOVERED,True,False,False,False
18,correlated_wrong_answers,True,False,UNRESOLVED,,False,True,False
18,both_outputs_missing,True,False,UNRESOLVED,,False,False,False
18,malformed_output,True,False,RECOVERED,True,False,False,False
18,checker_corruption_boundary,True,False,ACCEPT_PRIMARY,False,True,True,True
19,control,False,True,ACCEPT_PRIMARY,False,False,False,False
19,answer_flip,False,False,RECOVERED,False,False,True,False
19,proof_step_drop,False,True,ACCEPT_PRIMARY,False,False,False,False
19,invalid_rule_id,False,True,ACCEPT_PRIMARY,False,False,False,False
19,countermodel_bit_flip,False,False,RECOVERED,False,False,False,False
19,input_query_replacement,False,False,RECOVERED,False,False,False,False
19,worker_output_missing,False,False,RECOVERED,False,False,False,False
19,correlated_wrong_answers,False,False,UNRESOLVED,,False,True,False
19,both_outputs_missing,False,False,UNRESOLVED,,False,False,False
19,malformed_output,False,False,RECOVERED,False,False,False,False
19,checker_corruption_boundary,False,False,ACCEPT_PRIMARY,True,True,True,True
20,control,True,True,ACCEPT_PRIMARY,True,False,False,False
20,answer_flip,True,False,RECOVERED,True,False,True,False
20,proof_step_drop,True,False,RECOVERED,True,False,False,False
20,invalid_rule_id,True,False,RECOVERED,True,False,False,False
20,countermodel_bit_flip,True,True,ACCEPT_PRIMARY,True,False,False,False
20,input_query_replacement,True,False,RECOVERED,True,False,True,False
20,worker_output_missing,True,False,RECOVERED,True,False,False,False
20,correlated_wrong_answers,True,False,UNRESOLVED,,False,True,False
20,both_outputs_missing,True,False,UNRESOLVED,,False,False,False
20,malformed_output,True,False,RECOVERED,True,False,False,False
20,checker_corruption_boundary,True,False,ACCEPT_PRIMARY,False,True,True,True
21,control,False,True,ACCEPT_PRIMARY,False,False,False,False
21,answer_flip,False,False,RECOVERED,False,False,True,False
21,proof_step_drop,False,True,ACCEPT_PRIMARY,False,False,False,False
21,invalid_rule_id,False,True,ACCEPT_PRIMARY,False,False,False,False
21,countermodel_bit_flip,False,False,RECOVERED,False,False,False,False
21,input_query_replacement,False,False,RECOVERED,False,False,True,False
21,worker_output_missing,False,False,RECOVERED,False,False,False,False
21,correlated_wrong_answers,False,False,UNRESOLVED,,False,True,False
21,both_outputs_missing,False,False,UNRESOLVED,,False,False,False
21,malformed_output,False,False,RECOVERED,False,False,False,False
21,checker_corruption_boundary,False,False,ACCEPT_PRIMARY,True,True,True,True
22,control,True,True,ACCEPT_PRIMARY,True,False,False,False
22,answer_flip,True,False,RECOVERED,True,False,True,False
22,proof_step_drop,True,False,RECOVERED,True,False,False,False
22,invalid_rule_id,True,False,RECOVERED,True,False,False,False
22,countermodel_bit_flip,True,True,ACCEPT_PRIMARY,True,False,False,False
22,input_query_replacement,True,False,RECOVERED,True,False,False,False
22,worker_output_missing,True,False,RECOVERED,True,False,False,False
22,correlated_wrong_answers,True,False,UNRESOLVED,,False,True,False
22,both_outputs_missing,True,False,UNRESOLVED,,False,False,False
22,malformed_output,True,False,RECOVERED,True,False,False,False
22,checker_corruption_boundary,True,False,ACCEPT_PRIMARY,False,True,True,True
23,control,False,True,ACCEPT_PRIMARY,False,False,False,False
23,answer_flip,False,False,RECOVERED,False,False,True,False
23,proof_step_drop,False,True,ACCEPT_PRIMARY,False,False,False,False
23,invalid_rule_id,False,True,ACCEPT_PRIMARY,False,False,False,False
23,countermodel_bit_flip,False,False,RECOVERED,False,False,False,False
23,input_query_replacement,False,False,RECOVERED,False,False,False,False
23,worker_output_missing,False,False,RECOVERED,False,False,False,False
23,correlated_wrong_answers,False,False,UNRESOLVED,,False,True,False
23,both_outputs_missing,False,False,UNRESOLVED,,False,False,False
23,malformed_output,False,False,RECOVERED,False,False,False,False
23,checker_corruption_boundary,False,False,ACCEPT_PRIMARY,True,True,True,True
24,control,True,True,ACCEPT_PRIMARY,True,False,False,False
24,answer_flip,True,False,RECOVERED,True,False,True,False
24,proof_step_drop,True,False,RECOVERED,True,False,False,False
24,invalid_rule_id,True,False,RECOVERED,True,False,False,False
24,countermodel_bit_flip,True,True,ACCEPT_PRIMARY,True,False,False,False
24,input_query_replacement,True,False,RECOVERED,True,False,False,False
24,worker_output_missing,True,False,RECOVERED,True,False,False,False
24,correlated_wrong_answers,True,False,UNRESOLVED,,False,True,False
24,both_outputs_missing,True,False,UNRESOLVED,,False,False,False
24,malformed_output,True,False,RECOVERED,True,False,False,False
24,checker_corruption_boundary,True,False,ACCEPT_PRIMARY,False,True,True,True
25,control,False,True,ACCEPT_PRIMARY,False,False,False,False
25,answer_flip,False,False,RECOVERED,False,False,True,False
25,proof_step_drop,False,True,ACCEPT_PRIMARY,False,False,False,False
25,invalid_rule_id,False,True,ACCEPT_PRIMARY,False,False,False,False
25,countermodel_bit_flip,False,False,RECOVERED,False,False,False,False
25,input_query_replacement,False,False,RECOVERED,False,False,False,False
25,worker_output_missing,False,False,RECOVERED,False,False,False,False
25,correlated_wrong_answers,False,False,UNRESOLVED,,False,True,False
25,both_outputs_missing,False,False,UNRESOLVED,,False,False,False
25,malformed_output,False,False,RECOVERED,False,False,False,False
25,checker_corruption_boundary,False,False,ACCEPT_PRIMARY,True,True,True,True
26,control,True,True,ACCEPT_PRIMARY,True,False,False,False
26,answer_flip,True,False,RECOVERED,True,False,True,False
26,proof_step_drop,True,False,RECOVERED,True,False,False,False
26,invalid_rule_id,True,False,RECOVERED,True,False,False,False
26,countermodel_bit_flip,True,True,ACCEPT_PRIMARY,True,False,False,False
26,input_query_replacement,True,False,RECOVERED,True,False,False,False
26,worker_output_missing,True,False,RECOVERED,True,False,False,False
26,correlated_wrong_answers,True,False,UNRESOLVED,,False,True,False
26,both_outputs_missing,True,False,UNRESOLVED,,False,False,False
26,malformed_output,True,False,RECOVERED,True,False,False,False
26,checker_corruption_boundary,True,False,ACCEPT_PRIMARY,False,True,True,True
27,control,False,True,ACCEPT_PRIMARY,False,False,False,False
27,answer_flip,False,False,RECOVERED,False,False,True,False
27,proof_step_drop,False,True,ACCEPT_PRIMARY,False,False,False,False
27,invalid_rule_id,False,True,ACCEPT_PRIMARY,False,False,False,False
27,countermodel_bit_flip,False,False,RECOVERED,False,False,False,False
27,input_query_replacement,False,False,RECOVERED,False,False,False,False
27,worker_output_missing,False,False,RECOVERED,False,False,False,False
27,correlated_wrong_answers,False,False,UNRESOLVED,,False,True,False
27,both_outputs_missing,False,False,UNRESOLVED,,False,False,False
27,malformed_output,False,False,RECOVERED,False,False,False,False
27,checker_corruption_boundary,False,False,ACCEPT_PRIMARY,True,True,True,True
28,control,True,True,ACCEPT_PRIMARY,True,False,False,False
28,answer_flip,True,False,RECOVERED,True,False,True,False
28,proof_step_drop,True,False,RECOVERED,True,False,False,False
28,invalid_rule_id,True,False,RECOVERED,True,False,False,False
28,countermodel_bit_flip,True,True,ACCEPT_PRIMARY,True,False,False,False
28,input_query_replacement,True,False,RECOVERED,True,False,False,False
28,worker_output_missing,True,False,RECOVERED,True,False,False,False
28,correlated_wrong_answers,True,False,UNRESOLVED,,False,True,False
28,both_outputs_missing,True,False,UNRESOLVED,,False,False,False
28,malformed_output,True,False,RECOVERED,True,False,False,False
28,checker_corruption_boundary,True,False,ACCEPT_PRIMARY,False,True,True,True
29,control,False,True,ACCEPT_PRIMARY,False,False,False,False
29,answer_flip,False,False,RECOVERED,False,False,True,False
29,proof_step_drop,False,True,ACCEPT_PRIMARY,False,False,False,False
29,invalid_rule_id,False,True,ACCEPT_PRIMARY,False,False,False,False
29,countermodel_bit_flip,False,False,RECOVERED,False,False,False,False
29,input_query_replacement,False,False,RECOVERED,False,False,True,False
29,worker_output_missing,False,False,RECOVERED,False,False,False,False
29,correlated_wrong_answers,False,False,UNRESOLVED,,False,True,False
29,both_outputs_missing,False,False,UNRESOLVED,,False,False,False
29,malformed_output,False,False,RECOVERED,False,False,False,False
29,checker_corruption_boundary,False,False,ACCEPT_PRIMARY,True,True,True,True
30,control,True,True,ACCEPT_PRIMARY,True,False,False,False
30,answer_flip,True,False,RECOVERED,True,False,True,False
30,proof_step_drop,True,False,RECOVERED,True,False,False,False
30,invalid_rule_id,True,False,RECOVERED,True,False,False,False
30,countermodel_bit_flip,True,True,ACCEPT_PRIMARY,True,False,False,False
30,input_query_replacement,True,False,RECOVERED,True,False,True,False
30,worker_output_missing,True,False,RECOVERED,True,False,False,False
30,correlated_wrong_answers,True,False,UNRESOLVED,,False,True,False
30,both_outputs_missing,True,False,UNRESOLVED,,False,False,False
30,malformed_output,True,False,RECOVERED,True,False,False,False
30,checker_corruption_boundary,True,False,ACCEPT_PRIMARY,False,True,True,True
31,control,False,True,ACCEPT_PRIMARY,False,False,False,False
31,answer_flip,False,False,RECOVERED,False,False,True,False
31,proof_step_drop,False,True,ACCEPT_PRIMARY,False,False,False,False
31,invalid_rule_id,False,True,ACCEPT_PRIMARY,False,False,False,False
31,countermodel_bit_flip,False,False,RECOVERED,False,False,False,False
31,input_query_replacement,False,False,RECOVERED,False,False,True,False
31,worker_output_missing,False,False,RECOVERED,False,False,False,False
31,correlated_wrong_answers,False,False,UNRESOLVED,,False,True,False
31,both_outputs_missing,False,False,UNRESOLVED,,False,False,False
31,malformed_output,False,False,RECOVERED,False,False,False,False
31,checker_corruption_boundary,False,False,ACCEPT_PRIMARY,True,True,True,True
32,control,True,True,ACCEPT_PRIMARY,True,False,False,False
32,answer_flip,True,False,RECOVERED,True,False,True,False
32,proof_step_drop,True,False,RECOVERED,True,False,False,False
32,invalid_rule_id,True,False,RECOVERED,True,False,False,False
32,countermodel_bit_flip,True,True,ACCEPT_PRIMARY,True,False,False,False
32,input_query_replacement,True,False,RECOVERED,True,False,True,False
32,worker_output_missing,True,False,RECOVERED,True,False,False,False
32,correlated_wrong_answers,True,False,UNRESOLVED,,False,True,False
32,both_outputs_missing,True,False,UNRESOLVED,,False,False,False
32,malformed_output,True,False,RECOVERED,True,False,False,False
32,checker_corruption_boundary,True,False,ACCEPT_PRIMARY,False,True,True,True
33,control,False,True,ACCEPT_PRIMARY,False,False,False,False
33,answer_flip,False,False,RECOVERED,False,False,True,False
33,proof_step_drop,False,True,ACCEPT_PRIMARY,False,False,False,False
33,invalid_rule_id,False,True,ACCEPT_PRIMARY,False,False,False,False
33,countermodel_bit_flip,False,False,RECOVERED,False,False,False,False
33,input_query_replacement,False,False,RECOVERED,False,False,True,False
33,worker_output_missing,False,False,RECOVERED,False,False,False,False
33,correlated_wrong_answers,False,False,UNRESOLVED,,False,True,False
33,both_outputs_missing,False,False,UNRESOLVED,,False,False,False
33,malformed_output,False,False,RECOVERED,False,False,False,False
33,checker_corruption_boundary,False,False,ACCEPT_PRIMARY,True,True,True,True
34,control,True,True,ACCEPT_PRIMARY,True,False,False,False
34,answer_flip,True,False,RECOVERED,True,False,True,False
34,proof_step_drop,True,False,RECOVERED,True,False,False,False
34,invalid_rule_id,True,False,RECOVERED,True,False,False,False
34,countermodel_bit_flip,True,True,ACCEPT_PRIMARY,True,False,False,False
34,input_query_replacement,True,False,RECOVERED,True,False,False,False
34,worker_output_missing,True,False,RECOVERED,True,False,False,False
34,correlated_wrong_answers,True,False,UNRESOLVED,,False,True,False
34,both_outputs_missing,True,False,UNRESOLVED,,False,False,False
34,malformed_output,True,False,RECOVERED,True,False,False,False
34,checker_corruption_boundary,True,False,ACCEPT_PRIMARY,False,True,True,True
35,control,False,True,ACCEPT_PRIMARY,False,False,False,False
35,answer_flip,False,False,RECOVERED,False,False,True,False
35,proof_step_drop,False,True,ACCEPT_PRIMARY,False,False,False,False
35,invalid_rule_id,False,True,ACCEPT_PRIMARY,False,False,False,False
35,countermodel_bit_flip,False,False,RECOVERED,False,False,False,False
35,input_query_replacement,False,False,RECOVERED,False,False,False,False
35,worker_output_missing,False,False,RECOVERED,False,False,False,False
35,correlated_wrong_answers,False,False,UNRESOLVED,,False,True,False
35,both_outputs_missing,False,False,UNRESOLVED,,False,False,False
35,malformed_output,False,False,RECOVERED,False,False,False,False
35,checker_corruption_boundary,False,False,ACCEPT_PRIMARY,True,True,True,True
36,control,True,True,ACCEPT_PRIMARY,True,False,False,False
36,answer_flip,True,False,RECOVERED,True,False,True,False
36,proof_step_drop,True,False,RECOVERED,True,False,False,False
36,invalid_rule_id,True,False,RECOVERED,True,False,False,False
36,countermodel_bit_flip,True,True,ACCEPT_PRIMARY,True,False,False,False
36,input_query_replacement,True,False,RECOVERED,True,False,False,False
36,worker_output_missing,True,False,RECOVERED,True,False,False,False
36,correlated_wrong_answers,True,False,UNRESOLVED,,False,True,False
36,both_outputs_missing,True,False,UNRESOLVED,,False,False,False
36,malformed_output,True,False,RECOVERED,True,False,False,False
36,checker_corruption_boundary,True,False,ACCEPT_PRIMARY,False,True,True,True
37,control,False,True,ACCEPT_PRIMARY,False,False,False,False
37,answer_flip,False,False,RECOVERED,False,False,True,False
37,proof_step_drop,False,True,ACCEPT_PRIMARY,False,False,False,False
37,invalid_rule_id,False,True,ACCEPT_PRIMARY,False,False,False,False
37,countermodel_bit_flip,False,False,RECOVERED,False,False,False,False
37,input_query_replacement,False,False,RECOVERED,False,False,True,False
37,worker_output_missing,False,False,RECOVERED,False,False,False,False
37,correlated_wrong_answers,False,False,UNRESOLVED,,False,True,False
37,both_outputs_missing,False,False,UNRESOLVED,,False,False,False
37,malformed_output,False,False,RECOVERED,False,False,False,False
37,checker_corruption_boundary,False,False,ACCEPT_PRIMARY,True,True,True,True
38,control,True,True,ACCEPT_PRIMARY,True,False,False,False
38,answer_flip,True,False,RECOVERED,True,False,True,False
38,proof_step_drop,True,False,RECOVERED,True,False,False,False
38,invalid_rule_id,True,False,RECOVERED,True,False,False,False
38,countermodel_bit_flip,True,True,ACCEPT_PRIMARY,True,False,False,False
38,input_query_replacement,True,False,RECOVERED,True,False,True,False
38,worker_output_missing,True,False,RECOVERED,True,False,False,False
38,correlated_wrong_answers,True,False,UNRESOLVED,,False,True,False
38,both_outputs_missing,True,False,UNRESOLVED,,False,False,False
38,malformed_output,True,False,RECOVERED,True,False,False,False
38,checker_corruption_boundary,True,False,ACCEPT_PRIMARY,False,True,True,True
39,control,False,True,ACCEPT_PRIMARY,False,False,False,False
39,answer_flip,False,False,RECOVERED,False,False,True,False
39,proof_step_drop,False,True,ACCEPT_PRIMARY,False,False,False,False
39,invalid_rule_id,False,True,ACCEPT_PRIMARY,False,False,False,False
39,countermodel_bit_flip,False,False,RECOVERED,False,False,False,False
39,input_query_replacement,False,False,RECOVERED,False,False,True,False
39,worker_output_missing,False,False,RECOVERED,False,False,False,False
39,correlated_wrong_answers,False,False,UNRESOLVED,,False,True,False
39,both_outputs_missing,False,False,UNRESOLVED,,False,False,False
39,malformed_output,False,False,RECOVERED,False,False,False,False
39,checker_corruption_boundary,False,False,ACCEPT_PRIMARY,True,True,True,True
40,control,True,True,ACCEPT_PRIMARY,True,False,False,False
40,answer_flip,True,False,RECOVERED,True,False,True,False
40,proof_step_drop,True,False,RECOVERED,True,False,False,False
40,invalid_rule_id,True,False,RECOVERED,True,False,False,False
40,countermodel_bit_flip,True,True,ACCEPT_PRIMARY,True,False,False,False
40,input_query_replacement,True,False,RECOVERED,True,False,False,False
40,worker_output_missing,True,False,RECOVERED,True,False,False,False
40,correlated_wrong_answers,True,False,UNRESOLVED,,False,True,False
40,both_outputs_missing,True,False,UNRESOLVED,,False,False,False
40,malformed_output,True,False,RECOVERED,True,False,False,False
40,checker_corruption_boundary,True,False,ACCEPT_PRIMARY,False,True,True,True
41,control,False,True,ACCEPT_PRIMARY,False,False,False,False
41,answer_flip,False,False,RECOVERED,False,False,True,False
41,proof_step_drop,False,True,ACCEPT_PRIMARY,False,False,False,False
41,invalid_rule_id,False,True,ACCEPT_PRIMARY,False,False,False,False
41,countermodel_bit_flip,False,False,RECOVERED,False,False,False,False
41,input_query_replacement,False,False,RECOVERED,False,False,False,False
41,worker_output_missing,False,False,RECOVERED,False,False,False,False
41,correlated_wrong_answers,False,False,UNRESOLVED,,False,True,False
41,both_outputs_missing,False,False,UNRESOLVED,,False,False,False
41,malformed_output,False,False,RECOVERED,False,False,False,False
41,checker_corruption_boundary,False,False,ACCEPT_PRIMARY,True,True,True,True
42,control,True,True,ACCEPT_PRIMARY,True,False,False,False
42,answer_flip,True,False,RECOVERED,True,False,True,False
42,proof_step_drop,True,False,RECOVERED,True,False,False,False
42,invalid_rule_id,True,False,RECOVERED,True,False,False,False
42,countermodel_bit_flip,True,True,ACCEPT_PRIMARY,True,False,False,False
42,input_query_replacement,True,False,RECOVERED,True,False,False,False
42,worker_output_missing,True,False,RECOVERED,True,False,False,False
42,correlated_wrong_answers,True,False,UNRESOLVED,,False,True,False
42,both_outputs_missing,True,False,UNRESOLVED,,False,False,False
42,malformed_output,True,False,RECOVERED,True,False,False,False
42,checker_corruption_boundary,True,False,ACCEPT_PRIMARY,False,True,True,True
43,control,False,True,ACCEPT_PRIMARY,False,False,False,False
43,answer_flip,False,False,RECOVERED,False,False,True,False
43,proof_step_drop,False,True,ACCEPT_PRIMARY,False,False,False,False
43,invalid_rule_id,False,True,ACCEPT_PRIMARY,False,False,False,False
43,countermodel_bit_flip,False,False,RECOVERED,False,False,False,False
43,input_query_replacement,False,False,RECOVERED,False,False,False,False
43,worker_output_missing,False,False,RECOVERED,False,False,False,False
43,correlated_wrong_answers,False,False,UNRESOLVED,,False,True,False
43,both_outputs_missing,False,False,UNRESOLVED,,False,False,False
43,malformed_output,False,False,RECOVERED,False,False,False,False
43,checker_corruption_boundary,False,False,ACCEPT_PRIMARY,True,True,True,True
44,control,True,True,ACCEPT_PRIMARY,True,False,False,False
44,answer_flip,True,False,RECOVERED,True,False,True,False
44,proof_step_drop,True,False,RECOVERED,True,False,False,False
44,invalid_rule_id,True,False,RECOVERED,True,False,False,False
44,countermodel_bit_flip,True,True,ACCEPT_PRIMARY,True,False,False,False
44,input_query_replacement,True,False,RECOVERED,True,False,True,False
44,worker_output_missing,True,False,RECOVERED,True,False,False,False
44,correlated_wrong_answers,True,False,UNRESOLVED,,False,True,False
44,both_outputs_missing,True,False,UNRESOLVED,,False,False,False
44,malformed_output,True,False,RECOVERED,True,False,False,False
44,checker_corruption_boundary,True,False,ACCEPT_PRIMARY,False,True,True,True
45,control,False,True,ACCEPT_PRIMARY,False,False,False,False
45,answer_flip,False,False,RECOVERED,False,False,True,False
45,proof_step_drop,False,True,ACCEPT_PRIMARY,False,False,False,False
45,invalid_rule_id,False,True,ACCEPT_PRIMARY,False,False,False,False
45,countermodel_bit_flip,False,False,RECOVERED,False,False,False,False
45,input_query_replacement,False,False,RECOVERED,False,False,False,False
45,worker_output_missing,False,False,RECOVERED,False,False,False,False
45,correlated_wrong_answers,False,False,UNRESOLVED,,False,True,False
45,both_outputs_missing,False,False,UNRESOLVED,,False,False,False
45,malformed_output,False,False,RECOVERED,False,False,False,False
45,checker_corruption_boundary,False,False,ACCEPT_PRIMARY,True,True,True,True
46,control,True,True,ACCEPT_PRIMARY,True,False,False,False
46,answer_flip,True,False,RECOVERED,True,False,True,False
46,proof_step_drop,True,False,RECOVERED,True,False,False,False
46,invalid_rule_id,True,False,RECOVERED,True,False,False,False
46,countermodel_bit_flip,True,True,ACCEPT_PRIMARY,True,False,False,False
46,input_query_replacement,True,False,RECOVERED,True,False,True,False
46,worker_output_missing,True,False,RECOVERED,True,False,False,False
46,correlated_wrong_answers,True,False,UNRESOLVED,,False,True,False
46,both_outputs_missing,True,False,UNRESOLVED,,False,False,False
46,malformed_output,True,False,RECOVERED,True,False,False,False
46,checker_corruption_boundary,True,False,ACCEPT_PRIMARY,False,True,True,True
47,control,False,True,ACCEPT_PRIMARY,False,False,False,False
47,answer_flip,False,False,RECOVERED,False,False,True,False
47,proof_step_drop,False,True,ACCEPT_PRIMARY,False,False,False,False
47,invalid_rule_id,False,True,ACCEPT_PRIMARY,False,False,False,False
47,countermodel_bit_flip,False,False,RECOVERED,False,False,False,False
47,input_query_replacement,False,False,RECOVERED,False,False,False,False
47,worker_output_missing,False,False,RECOVERED,False,False,False,False
47,correlated_wrong_answers,False,False,UNRESOLVED,,False,True,False
47,both_outputs_missing,False,False,UNRESOLVED,,False,False,False
47,malformed_output,False,False,RECOVERED,False,False,False,False
47,checker_corruption_boundary,False,False,ACCEPT_PRIMARY,True,True,True,True
48,control,True,True,ACCEPT_PRIMARY,True,False,False,False
48,answer_flip,True,False,RECOVERED,True,False,True,False
48,proof_step_drop,True,False,RECOVERED,True,False,False,False
48,invalid_rule_id,True,False,RECOVERED,True,False,False,False
48,countermodel_bit_flip,True,True,ACCEPT_PRIMARY,True,False,False,False
48,input_query_replacement,True,False,RECOVERED,True,False,True,False
48,worker_output_missing,True,False,RECOVERED,True,False,False,False
48,correlated_wrong_answers,True,False,UNRESOLVED,,False,True,False
48,both_outputs_missing,True,False,UNRESOLVED,,False,False,False
48,malformed_output,True,False,RECOVERED,True,False,False,False
48,checker_corruption_boundary,True,False,ACCEPT_PRIMARY,False,True,True,True
49,control,False,True,ACCEPT_PRIMARY,False,False,False,False
49,answer_flip,False,False,RECOVERED,False,False,True,False
49,proof_step_drop,False,True,ACCEPT_PRIMARY,False,False,False,False
49,invalid_rule_id,False,True,ACCEPT_PRIMARY,False,False,False,False
49,countermodel_bit_flip,False,False,RECOVERED,False,False,False,False
49,input_query_replacement,False,False,RECOVERED,False,False,False,False
49,worker_output_missing,False,False,RECOVERED,False,False,False,False
49,correlated_wrong_answers,False,False,UNRESOLVED,,False,True,False
49,both_outputs_missing,False,False,UNRESOLVED,,False,False,False
49,malformed_output,False,False,RECOVERED,False,False,False,False
49,checker_corruption_boundary,False,False,ACCEPT_PRIMARY,True,True,True,True
50,control,True,True,ACCEPT_PRIMARY,True,False,False,False
50,answer_flip,True,False,RECOVERED,True,False,True,False
50,proof_step_drop,True,False,RECOVERED,True,False,False,False
50,invalid_rule_id,True,False,RECOVERED,True,False,False,False
50,countermodel_bit_flip,True,True,ACCEPT_PRIMARY,True,False,False,False
50,input_query_replacement,True,False,RECOVERED,True,False,False,False
50,worker_output_missing,True,False,RECOVERED,True,False,False,False
50,correlated_wrong_answers,True,False,UNRESOLVED,,False,True,False
50,both_outputs_missing,True,False,UNRESOLVED,,False,False,False
50,malformed_output,True,False,RECOVERED,True,False,False,False
50,checker_corruption_boundary,True,False,ACCEPT_PRIMARY,False,True,True,True
51,control,False,True,ACCEPT_PRIMARY,False,False,False,False
51,answer_flip,False,False,RECOVERED,False,False,True,False
51,proof_step_drop,False,True,ACCEPT_PRIMARY,False,False,False,False
51,invalid_rule_id,False,True,ACCEPT_PRIMARY,False,False,False,False
51,countermodel_bit_flip,False,False,RECOVERED,False,False,False,False
51,input_query_replacement,False,False,RECOVERED,False,False,False,False
51,worker_output_missing,False,False,RECOVERED,False,False,False,False
51,correlated_wrong_answers,False,False,UNRESOLVED,,False,True,False
51,both_outputs_missing,False,False,UNRESOLVED,,False,False,False
51,malformed_output,False,False,RECOVERED,False,False,False,False
51,checker_corruption_boundary,False,False,ACCEPT_PRIMARY,True,True,True,True
52,control,True,True,ACCEPT_PRIMARY,True,False,False,False
52,answer_flip,True,False,RECOVERED,True,False,True,False
52,proof_step_drop,True,False,RECOVERED,True,False,False,False
52,invalid_rule_id,True,False,RECOVERED,True,False,False,False
52,countermodel_bit_flip,True,True,ACCEPT_PRIMARY,True,False,False,False
52,input_query_replacement,True,False,RECOVERED,True,False,True,False
52,worker_output_missing,True,False,RECOVERED,True,False,False,False
52,correlated_wrong_answers,True,False,UNRESOLVED,,False,True,False
52,both_outputs_missing,True,False,UNRESOLVED,,False,False,False
52,malformed_output,True,False,RECOVERED,True,False,False,False
52,checker_corruption_boundary,True,False,ACCEPT_PRIMARY,False,True,True,True
53,control,False,True,ACCEPT_PRIMARY,False,False,False,False
53,answer_flip,False,False,RECOVERED,False,False,True,False
53,proof_step_drop,False,True,ACCEPT_PRIMARY,False,False,False,False
53,invalid_rule_id,False,True,ACCEPT_PRIMARY,False,False,False,False
53,countermodel_bit_flip,False,False,RECOVERED,False,False,False,False
53,input_query_replacement,False,False,RECOVERED,False,False,True,False
53,worker_output_missing,False,False,RECOVERED,False,False,False,False
53,correlated_wrong_answers,False,False,UNRESOLVED,,False,True,False
53,both_outputs_missing,False,False,UNRESOLVED,,False,False,False
53,malformed_output,False,False,RECOVERED,False,False,False,False
53,checker_corruption_boundary,False,False,ACCEPT_PRIMARY,True,True,True,True
54,control,True,True,ACCEPT_PRIMARY,True,False,False,False
54,answer_flip,True,False,RECOVERED,True,False,True,False
54,proof_step_drop,True,False,RECOVERED,True,False,False,False
54,invalid_rule_id,True,False,RECOVERED,True,False,False,False
54,countermodel_bit_flip,True,True,ACCEPT_PRIMARY,True,False,False,False
54,input_query_replacement,True,False,RECOVERED,True,False,False,False
54,worker_output_missing,True,False,RECOVERED,True,False,False,False
54,correlated_wrong_answers,True,False,UNRESOLVED,,False,True,False
54,both_outputs_missing,True,False,UNRESOLVED,,False,False,False
54,malformed_output,True,False,RECOVERED,True,False,False,False
54,checker_corruption_boundary,True,False,ACCEPT_PRIMARY,False,True,True,True
55,control,False,True,ACCEPT_PRIMARY,False,False,False,False
55,answer_flip,False,False,RECOVERED,False,False,True,False
55,proof_step_drop,False,True,ACCEPT_PRIMARY,False,False,False,False
55,invalid_rule_id,False,True,ACCEPT_PRIMARY,False,False,False,False
55,countermodel_bit_flip,False,False,RECOVERED,False,False,False,False
55,input_query_replacement,False,False,RECOVERED,False,False,True,False
55,worker_output_missing,False,False,RECOVERED,False,False,False,False
55,correlated_wrong_answers,False,False,UNRESOLVED,,False,True,False
55,both_outputs_missing,False,False,UNRESOLVED,,False,False,False
55,malformed_output,False,False,RECOVERED,False,False,False,False
55,checker_corruption_boundary,False,False,ACCEPT_PRIMARY,True,True,True,True
56,control,True,True,ACCEPT_PRIMARY,True,False,False,False
56,answer_flip,True,False,RECOVERED,True,False,True,False
56,proof_step_drop,True,False,RECOVERED,True,False,False,False
56,invalid_rule_id,True,False,RECOVERED,True,False,False,False
56,countermodel_bit_flip,True,True,ACCEPT_PRIMARY,True,False,False,False
56,input_query_replacement,True,False,RECOVERED,True,False,True,False
56,worker_output_missing,True,False,RECOVERED,True,False,False,False
56,correlated_wrong_answers,True,False,UNRESOLVED,,False,True,False
56,both_outputs_missing,True,False,UNRESOLVED,,False,False,False
56,malformed_output,True,False,RECOVERED,True,False,False,False
56,checker_corruption_boundary,True,False,ACCEPT_PRIMARY,False,True,True,True
57,control,False,True,ACCEPT_PRIMARY,False,False,False,False
57,answer_flip,False,False,RECOVERED,False,False,True,False
57,proof_step_drop,False,True,ACCEPT_PRIMARY,False,False,False,False
57,invalid_rule_id,False,True,ACCEPT_PRIMARY,False,False,False,False
57,countermodel_bit_flip,False,False,RECOVERED,False,False,False,False
57,input_query_replacement,False,False,RECOVERED,False,False,False,False
57,worker_output_missing,False,False,RECOVERED,False,False,False,False
57,correlated_wrong_answers,False,False,UNRESOLVED,,False,True,False
57,both_outputs_missing,False,False,UNRESOLVED,,False,False,False
57,malformed_output,False,False,RECOVERED,False,False,False,False
57,checker_corruption_boundary,False,False,ACCEPT_PRIMARY,True,True,True,True
58,control,True,True,ACCEPT_PRIMARY,True,False,False,False
58,answer_flip,True,False,RECOVERED,True,False,True,False
58,proof_step_drop,True,False,RECOVERED,True,False,False,False
58,invalid_rule_id,True,False,RECOVERED,True,False,False,False
58,countermodel_bit_flip,True,True,ACCEPT_PRIMARY,True,False,False,False
58,input_query_replacement,True,False,RECOVERED,True,False,False,False
58,worker_output_missing,True,False,RECOVERED,True,False,False,False
58,correlated_wrong_answers,True,False,UNRESOLVED,,False,True,False
58,both_outputs_missing,True,False,UNRESOLVED,,False,False,False
58,malformed_output,True,False,RECOVERED,True,False,False,False
58,checker_corruption_boundary,True,False,ACCEPT_PRIMARY,False,True,True,True
59,control,False,True,ACCEPT_PRIMARY,False,False,False,False
59,answer_flip,False,False,RECOVERED,False,False,True,False
59,proof_step_drop,False,True,ACCEPT_PRIMARY,False,False,False,False
59,invalid_rule_id,False,True,ACCEPT_PRIMARY,False,False,False,False
59,countermodel_bit_flip,False,False,RECOVERED,False,False,False,False
59,input_query_replacement,False,False,RECOVERED,False,False,False,False
59,worker_output_missing,False,False,RECOVERED,False,False,False,False
59,correlated_wrong_answers,False,False,UNRESOLVED,,False,True,False
59,both_outputs_missing,False,False,UNRESOLVED,,False,False,False
59,malformed_output,False,False,RECOVERED,False,False,False,False
59,checker_corruption_boundary,False,False,ACCEPT_PRIMARY,True,True,True,True
60,control,True,True,ACCEPT_PRIMARY,True,False,False,False
60,answer_flip,True,False,RECOVERED,True,False,True,False
60,proof_step_drop,True,False,RECOVERED,True,False,False,False
60,invalid_rule_id,True,False,RECOVERED,True,False,False,False
60,countermodel_bit_flip,True,True,ACCEPT_PRIMARY,True,False,False,False
60,input_query_replacement,True,False,RECOVERED,True,False,True,False
60,worker_output_missing,True,False,RECOVERED,True,False,False,False
60,correlated_wrong_answers,True,False,UNRESOLVED,,False,True,False
60,both_outputs_missing,True,False,UNRESOLVED,,False,False,False
60,malformed_output,True,False,RECOVERED,True,False,False,False
60,checker_corruption_boundary,True,False,ACCEPT_PRIMARY,False,True,True,True
61,control,False,True,ACCEPT_PRIMARY,False,False,False,False
61,answer_flip,False,False,RECOVERED,False,False,True,False
61,proof_step_drop,False,True,ACCEPT_PRIMARY,False,False,False,False
61,invalid_rule_id,False,True,ACCEPT_PRIMARY,False,False,False,False
61,countermodel_bit_flip,False,False,RECOVERED,False,False,False,False
61,input_query_replacement,False,False,RECOVERED,False,False,False,False
61,worker_output_missing,False,False,RECOVERED,False,False,False,False
61,correlated_wrong_answers,False,False,UNRESOLVED,,False,True,False
61,both_outputs_missing,False,False,UNRESOLVED,,False,False,False
61,malformed_output,False,False,RECOVERED,False,False,False,False
61,checker_corruption_boundary,False,False,ACCEPT_PRIMARY,True,True,True,True
62,control,True,True,ACCEPT_PRIMARY,True,False,False,False
62,answer_flip,True,False,RECOVERED,True,False,True,False
62,proof_step_drop,True,False,RECOVERED,True,False,False,False
62,invalid_rule_id,True,False,RECOVERED,True,False,False,False
62,countermodel_bit_flip,True,True,ACCEPT_PRIMARY,True,False,False,False
62,input_query_replacement,True,False,RECOVERED,True,False,True,False
62,worker_output_missing,True,False,RECOVERED,True,False,False,False
62,correlated_wrong_answers,True,False,UNRESOLVED,,False,True,False
62,both_outputs_missing,True,False,UNRESOLVED,,False,False,False
62,malformed_output,True,False,RECOVERED,True,False,False,False
62,checker_corruption_boundary,True,False,ACCEPT_PRIMARY,False,True,True,True
63,control,False,True,ACCEPT_PRIMARY,False,False,False,False
63,answer_flip,False,False,RECOVERED,False,False,True,False
63,proof_step_drop,False,True,ACCEPT_PRIMARY,False,False,False,False
63,invalid_rule_id,False,True,ACCEPT_PRIMARY,False,False,False,False
63,countermodel_bit_flip,False,False,RECOVERED,False,False,False,False
63,input_query_replacement,False,False,RECOVERED,False,False,False,False
63,worker_output_missing,False,False,RECOVERED,False,False,False,False
63,correlated_wrong_answers,False,False,UNRESOLVED,,False,True,False
63,both_outputs_missing,False,False,UNRESOLVED,,False,False,False
63,malformed_output,False,False,RECOVERED,False,False,False,False
63,checker_corruption_boundary,False,False,ACCEPT_PRIMARY,True,True,True,True
64,control,True,True,ACCEPT_PRIMARY,True,False,False,False
64,answer_flip,True,False,RECOVERED,True,False,True,False
64,proof_step_drop,True,False,RECOVERED,True,False,False,False
64,invalid_rule_id,True,False,RECOVERED,True,False,False,False
64,countermodel_bit_flip,True,True,ACCEPT_PRIMARY,True,False,False,False
64,input_query_replacement,True,False,RECOVERED,True,False,True,False
64,worker_output_missing,True,False,RECOVERED,True,False,False,False
64,correlated_wrong_answers,True,False,UNRESOLVED,,False,True,False
64,both_outputs_missing,True,False,UNRESOLVED,,False,False,False
64,malformed_output,True,False,RECOVERED,True,False,False,False
64,checker_corruption_boundary,True,False,ACCEPT_PRIMARY,False,True,True,True
65,control,False,True,ACCEPT_PRIMARY,False,False,False,False
65,answer_flip,False,False,RECOVERED,False,False,True,False
65,proof_step_drop,False,True,ACCEPT_PRIMARY,False,False,False,False
65,invalid_rule_id,False,True,ACCEPT_PRIMARY,False,False,False,False
65,countermodel_bit_flip,False,False,RECOVERED,False,False,False,False
65,input_query_replacement,False,False,RECOVERED,False,False,False,False
65,worker_output_missing,False,False,RECOVERED,False,False,False,False
65,correlated_wrong_answers,False,False,UNRESOLVED,,False,True,False
65,both_outputs_missing,False,False,UNRESOLVED,,False,False,False
65,malformed_output,False,False,RECOVERED,False,False,False,False
65,checker_corruption_boundary,False,False,ACCEPT_PRIMARY,True,True,True,True
66,control,True,True,ACCEPT_PRIMARY,True,False,False,False
66,answer_flip,True,False,RECOVERED,True,False,True,False
66,proof_step_drop,True,False,RECOVERED,True,False,False,False
66,invalid_rule_id,True,False,RECOVERED,True,False,False,False
66,countermodel_bit_flip,True,True,ACCEPT_PRIMARY,True,False,False,False
66,input_query_replacement,True,False,RECOVERED,True,False,True,False
66,worker_output_missing,True,False,RECOVERED,True,False,False,False
66,correlated_wrong_answers,True,False,UNRESOLVED,,False,True,False
66,both_outputs_missing,True,False,UNRESOLVED,,False,False,False
66,malformed_output,True,False,RECOVERED,True,False,False,False
66,checker_corruption_boundary,True,False,ACCEPT_PRIMARY,False,True,True,True
67,control,False,True,ACCEPT_PRIMARY,False,False,False,False
67,answer_flip,False,False,RECOVERED,False,False,True,False
67,proof_step_drop,False,True,ACCEPT_PRIMARY,False,False,False,False
67,invalid_rule_id,False,True,ACCEPT_PRIMARY,False,False,False,False
67,countermodel_bit_flip,False,False,RECOVERED,False,False,False,False
67,input_query_replacement,False,False,RECOVERED,False,False,True,False
67,worker_output_missing,False,False,RECOVERED,False,False,False,False
67,correlated_wrong_answers,False,False,UNRESOLVED,,False,True,False
67,both_outputs_missing,False,False,UNRESOLVED,,False,False,False
67,malformed_output,False,False,RECOVERED,False,False,False,False
67,checker_corruption_boundary,False,False,ACCEPT_PRIMARY,True,True,True,True
68,control,True,True,ACCEPT_PRIMARY,True,False,False,False
68,answer_flip,True,False,RECOVERED,True,False,True,False
68,proof_step_drop,True,False,RECOVERED,True,False,False,False
68,invalid_rule_id,True,False,RECOVERED,True,False,False,False
68,countermodel_bit_flip,True,True,ACCEPT_PRIMARY,True,False,False,False
68,input_query_replacement,True,False,RECOVERED,True,False,False,False
68,worker_output_missing,True,False,RECOVERED,True,False,False,False
68,correlated_wrong_answers,True,False,UNRESOLVED,,False,True,False
68,both_outputs_missing,True,False,UNRESOLVED,,False,False,False
68,malformed_output,True,False,RECOVERED,True,False,False,False
68,checker_corruption_boundary,True,False,ACCEPT_PRIMARY,False,True,True,True
69,control,False,True,ACCEPT_PRIMARY,False,False,False,False
69,answer_flip,False,False,RECOVERED,False,False,True,False
69,proof_step_drop,False,True,ACCEPT_PRIMARY,False,False,False,False
69,invalid_rule_id,False,True,ACCEPT_PRIMARY,False,False,False,False
69,countermodel_bit_flip,False,False,RECOVERED,False,False,False,False
69,input_query_replacement,False,False,RECOVERED,False,False,False,False
69,worker_output_missing,False,False,RECOVERED,False,False,False,False
69,correlated_wrong_answers,False,False,UNRESOLVED,,False,True,False
69,both_outputs_missing,False,False,UNRESOLVED,,False,False,False
69,malformed_output,False,False,RECOVERED,False,False,False,False
69,checker_corruption_boundary,False,False,ACCEPT_PRIMARY,True,True,True,True
70,control,True,True,ACCEPT_PRIMARY,True,False,False,False
70,answer_flip,True,False,RECOVERED,True,False,True,False
70,proof_step_drop,True,False,RECOVERED,True,False,False,False
70,invalid_rule_id,True,False,RECOVERED,True,False,False,False
70,countermodel_bit_flip,True,True,ACCEPT_PRIMARY,True,False,False,False
70,input_query_replacement,True,False,RECOVERED,True,False,False,False
70,worker_output_missing,True,False,RECOVERED,True,False,False,False
70,correlated_wrong_answers,True,False,UNRESOLVED,,False,True,False
70,both_outputs_missing,True,False,UNRESOLVED,,False,False,False
70,malformed_output,True,False,RECOVERED,True,False,False,False
70,checker_corruption_boundary,True,False,ACCEPT_PRIMARY,False,True,True,True
71,control,False,True,ACCEPT_PRIMARY,False,False,False,False
71,answer_flip,False,False,RECOVERED,False,False,True,False
71,proof_step_drop,False,True,ACCEPT_PRIMARY,False,False,False,False
71,invalid_rule_id,False,True,ACCEPT_PRIMARY,False,False,False,False
71,countermodel_bit_flip,False,False,RECOVERED,False,False,False,False
71,input_query_replacement,False,False,RECOVERED,False,False,False,False
71,worker_output_missing,False,False,RECOVERED,False,False,False,False
71,correlated_wrong_answers,False,False,UNRESOLVED,,False,True,False
71,both_outputs_missing,False,False,UNRESOLVED,,False,False,False
71,malformed_output,False,False,RECOVERED,False,False,False,False
71,checker_corruption_boundary,False,False,ACCEPT_PRIMARY,True,True,True,True
72,control,True,True,ACCEPT_PRIMARY,True,False,False,False
72,answer_flip,True,False,RECOVERED,True,False,True,False
72,proof_step_drop,True,False,RECOVERED,True,False,False,False
72,invalid_rule_id,True,False,RECOVERED,True,False,False,False
72,countermodel_bit_flip,True,True,ACCEPT_PRIMARY,True,False,False,False
72,input_query_replacement,True,False,RECOVERED,True,False,False,False
72,worker_output_missing,True,False,RECOVERED,True,False,False,False
72,correlated_wrong_answers,True,False,UNRESOLVED,,False,True,False
72,both_outputs_missing,True,False,UNRESOLVED,,False,False,False
72,malformed_output,True,False,RECOVERED,True,False,False,False
72,checker_corruption_boundary,True,False,ACCEPT_PRIMARY,False,True,True,True
73,control,False,True,ACCEPT_PRIMARY,False,False,False,False
73,answer_flip,False,False,RECOVERED,False,False,True,False
73,proof_step_drop,False,True,ACCEPT_PRIMARY,False,False,False,False
73,invalid_rule_id,False,True,ACCEPT_PRIMARY,False,False,False,False
73,countermodel_bit_flip,False,False,RECOVERED,False,False,False,False
73,input_query_replacement,False,False,RECOVERED,False,False,False,False
73,worker_output_missing,False,False,RECOVERED,False,False,False,False
73,correlated_wrong_answers,False,False,UNRESOLVED,,False,True,False
73,both_outputs_missing,False,False,UNRESOLVED,,False,False,False
73,malformed_output,False,False,RECOVERED,False,False,False,False
73,checker_corruption_boundary,False,False,ACCEPT_PRIMARY,True,True,True,True
74,control,True,True,ACCEPT_PRIMARY,True,False,False,False
74,answer_flip,True,False,RECOVERED,True,False,True,False
74,proof_step_drop,True,False,RECOVERED,True,False,False,False
74,invalid_rule_id,True,False,RECOVERED,True,False,False,False
74,countermodel_bit_flip,True,True,ACCEPT_PRIMARY,True,False,False,False
74,input_query_replacement,True,False,RECOVERED,True,False,True,False
74,worker_output_missing,True,False,RECOVERED,True,False,False,False
74,correlated_wrong_answers,True,False,UNRESOLVED,,False,True,False
74,both_outputs_missing,True,False,UNRESOLVED,,False,False,False
74,malformed_output,True,False,RECOVERED,True,False,False,False
74,checker_corruption_boundary,True,False,ACCEPT_PRIMARY,False,True,True,True
75,control,False,True,ACCEPT_PRIMARY,False,False,False,False
75,answer_flip,False,False,RECOVERED,False,False,True,False
75,proof_step_drop,False,True,ACCEPT_PRIMARY,False,False,False,False
75,invalid_rule_id,False,True,ACCEPT_PRIMARY,False,False,False,False
75,countermodel_bit_flip,False,False,RECOVERED,False,False,False,False
75,input_query_replacement,False,False,RECOVERED,False,False,False,False
75,worker_output_missing,False,False,RECOVERED,False,False,False,False
75,correlated_wrong_answers,False,False,UNRESOLVED,,False,True,False
75,both_outputs_missing,False,False,UNRESOLVED,,False,False,False
75,malformed_output,False,False,RECOVERED,False,False,False,False
75,checker_corruption_boundary,False,False,ACCEPT_PRIMARY,True,True,True,True
76,control,True,True,ACCEPT_PRIMARY,True,False,False,False
76,answer_flip,True,False,RECOVERED,True,False,True,False
76,proof_step_drop,True,False,RECOVERED,True,False,False,False
76,invalid_rule_id,True,False,RECOVERED,True,False,False,False
76,countermodel_bit_flip,True,True,ACCEPT_PRIMARY,True,False,False,False
76,input_query_replacement,True,False,RECOVERED,True,False,True,False
76,worker_output_missing,True,False,RECOVERED,True,False,False,False
76,correlated_wrong_answers,True,False,UNRESOLVED,,False,True,False
76,both_outputs_missing,True,False,UNRESOLVED,,False,False,False
76,malformed_output,True,False,RECOVERED,True,False,False,False
76,checker_corruption_boundary,True,False,ACCEPT_PRIMARY,False,True,True,True
77,control,False,True,ACCEPT_PRIMARY,False,False,False,False
77,answer_flip,False,False,RECOVERED,False,False,True,False
77,proof_step_drop,False,True,ACCEPT_PRIMARY,False,False,False,False
77,invalid_rule_id,False,True,ACCEPT_PRIMARY,False,False,False,False
77,countermodel_bit_flip,False,False,RECOVERED,False,False,False,False
77,input_query_replacement,False,False,RECOVERED,False,False,False,False
77,worker_output_missing,False,False,RECOVERED,False,False,False,False
77,correlated_wrong_answers,False,False,UNRESOLVED,,False,True,False
77,both_outputs_missing,False,False,UNRESOLVED,,False,False,False
77,malformed_output,False,False,RECOVERED,False,False,False,False
77,checker_corruption_boundary,False,False,ACCEPT_PRIMARY,True,True,True,True
78,control,True,True,ACCEPT_PRIMARY,True,False,False,False
78,answer_flip,True,False,RECOVERED,True,False,True,False
78,proof_step_drop,True,False,RECOVERED,True,False,False,False
78,invalid_rule_id,True,False,RECOVERED,True,False,False,False
78,countermodel_bit_flip,True,True,ACCEPT_PRIMARY,True,False,False,False
78,input_query_replacement,True,False,RECOVERED,True,False,False,False
78,worker_output_missing,True,False,RECOVERED,True,False,False,False
78,correlated_wrong_answers,True,False,UNRESOLVED,,False,True,False
78,both_outputs_missing,True,False,UNRESOLVED,,False,False,False
78,malformed_output,True,False,RECOVERED,True,False,False,False
78,checker_corruption_boundary,True,False,ACCEPT_PRIMARY,False,True,True,True
79,control,False,True,ACCEPT_PRIMARY,False,False,False,False
79,answer_flip,False,False,RECOVERED,False,False,True,False
79,proof_step_drop,False,True,ACCEPT_PRIMARY,False,False,False,False
79,invalid_rule_id,False,True,ACCEPT_PRIMARY,False,False,False,False
79,countermodel_bit_flip,False,False,RECOVERED,False,False,False,False
79,input_query_replacement,False,False,RECOVERED,False,False,True,False
79,worker_output_missing,False,False,RECOVERED,False,False,False,False
79,correlated_wrong_answers,False,False,UNRESOLVED,,False,True,False
79,both_outputs_missing,False,False,UNRESOLVED,,False,False,False
79,malformed_output,False,False,RECOVERED,False,False,False,False
79,checker_corruption_boundary,False,False,ACCEPT_PRIMARY,True,True,True,True
80,control,True,True,ACCEPT_PRIMARY,True,False,False,False
80,answer_flip,True,False,RECOVERED,True,False,True,False
80,proof_step_drop,True,False,RECOVERED,True,False,False,False
80,invalid_rule_id,True,False,RECOVERED,True,False,False,False
80,countermodel_bit_flip,True,True,ACCEPT_PRIMARY,True,False,False,False
80,input_query_replacement,True,False,RECOVERED,True,False,False,False
80,worker_output_missing,True,False,RECOVERED,True,False,False,False
80,correlated_wrong_answers,True,False,UNRESOLVED,,False,True,False
80,both_outputs_missing,True,False,UNRESOLVED,,False,False,False
80,malformed_output,True,False,RECOVERED,True,False,False,False
80,checker_corruption_boundary,True,False,ACCEPT_PRIMARY,False,True,True,True
81,control,False,True,ACCEPT_PRIMARY,False,False,False,False
81,answer_flip,False,False,RECOVERED,False,False,True,False
81,proof_step_drop,False,True,ACCEPT_PRIMARY,False,False,False,False
81,invalid_rule_id,False,True,ACCEPT_PRIMARY,False,False,False,False
81,countermodel_bit_flip,False,False,RECOVERED,False,False,False,False
81,input_query_replacement,False,False,RECOVERED,False,False,False,False
81,worker_output_missing,False,False,RECOVERED,False,False,False,False
81,correlated_wrong_answers,False,False,UNRESOLVED,,False,True,False
81,both_outputs_missing,False,False,UNRESOLVED,,False,False,False
81,malformed_output,False,False,RECOVERED,False,False,False,False
81,checker_corruption_boundary,False,False,ACCEPT_PRIMARY,True,True,True,True
82,control,True,True,ACCEPT_PRIMARY,True,False,False,False
82,answer_flip,True,False,RECOVERED,True,False,True,False
82,proof_step_drop,True,False,RECOVERED,True,False,False,False
82,invalid_rule_id,True,False,RECOVERED,True,False,False,False
82,countermodel_bit_flip,True,True,ACCEPT_PRIMARY,True,False,False,False
82,input_query_replacement,True,False,RECOVERED,True,False,False,False
82,worker_output_missing,True,False,RECOVERED,True,False,False,False
82,correlated_wrong_answers,True,False,UNRESOLVED,,False,True,False
82,both_outputs_missing,True,False,UNRESOLVED,,False,False,False
82,malformed_output,True,False,RECOVERED,True,False,False,False
82,checker_corruption_boundary,True,False,ACCEPT_PRIMARY,False,True,True,True
83,control,False,True,ACCEPT_PRIMARY,False,False,False,False
83,answer_flip,False,False,RECOVERED,False,False,True,False
83,proof_step_drop,False,True,ACCEPT_PRIMARY,False,False,False,False
83,invalid_rule_id,False,True,ACCEPT_PRIMARY,False,False,False,False
83,countermodel_bit_flip,False,False,RECOVERED,False,False,False,False
83,input_query_replacement,False,False,RECOVERED,False,False,False,False
83,worker_output_missing,False,False,RECOVERED,False,False,False,False
83,correlated_wrong_answers,False,False,UNRESOLVED,,False,True,False
83,both_outputs_missing,False,False,UNRESOLVED,,False,False,False
83,malformed_output,False,False,RECOVERED,False,False,False,False
83,checker_corruption_boundary,False,False,ACCEPT_PRIMARY,True,True,True,True
84,control,True,True,ACCEPT_PRIMARY,True,False,False,False
84,answer_flip,True,False,RECOVERED,True,False,True,False
84,proof_step_drop,True,False,RECOVERED,True,False,False,False
84,invalid_rule_id,True,False,RECOVERED,True,False,False,False
84,countermodel_bit_flip,True,True,ACCEPT_PRIMARY,True,False,False,False
84,input_query_replacement,True,False,RECOVERED,True,False,False,False
84,worker_output_missing,True,False,RECOVERED,True,False,False,False
84,correlated_wrong_answers,True,False,UNRESOLVED,,False,True,False
84,both_outputs_missing,True,False,UNRESOLVED,,False,False,False
84,malformed_output,True,False,RECOVERED,True,False,False,False
84,checker_corruption_boundary,True,False,ACCEPT_PRIMARY,False,True,True,True
85,control,False,True,ACCEPT_PRIMARY,False,False,False,False
85,answer_flip,False,False,RECOVERED,False,False,True,False
85,proof_step_drop,False,True,ACCEPT_PRIMARY,False,False,False,False
85,invalid_rule_id,False,True,ACCEPT_PRIMARY,False,False,False,False
85,countermodel_bit_flip,False,False,RECOVERED,False,False,False,False
85,input_query_replacement,False,False,RECOVERED,False,False,True,False
85,worker_output_missing,False,False,RECOVERED,False,False,False,False
85,correlated_wrong_answers,False,False,UNRESOLVED,,False,True,False
85,both_outputs_missing,False,False,UNRESOLVED,,False,False,False
85,malformed_output,False,False,RECOVERED,False,False,False,False
85,checker_corruption_boundary,False,False,ACCEPT_PRIMARY,True,True,True,True
86,control,True,True,ACCEPT_PRIMARY,True,False,False,False
86,answer_flip,True,False,RECOVERED,True,False,True,False
86,proof_step_drop,True,False,RECOVERED,True,False,False,False
86,invalid_rule_id,True,False,RECOVERED,True,False,False,False
86,countermodel_bit_flip,True,True,ACCEPT_PRIMARY,True,False,False,False
86,input_query_replacement,True,False,RECOVERED,True,False,False,False
86,worker_output_missing,True,False,RECOVERED,True,False,False,False
86,correlated_wrong_answers,True,False,UNRESOLVED,,False,True,False
86,both_outputs_missing,True,False,UNRESOLVED,,False,False,False
86,malformed_output,True,False,RECOVERED,True,False,False,False
86,checker_corruption_boundary,True,False,ACCEPT_PRIMARY,False,True,True,True
87,control,False,True,ACCEPT_PRIMARY,False,False,False,False
87,answer_flip,False,False,RECOVERED,False,False,True,False
87,proof_step_drop,False,True,ACCEPT_PRIMARY,False,False,False,False
87,invalid_rule_id,False,True,ACCEPT_PRIMARY,False,False,False,False
87,countermodel_bit_flip,False,False,RECOVERED,False,False,False,False
87,input_query_replacement,False,False,RECOVERED,False,False,True,False
87,worker_output_missing,False,False,RECOVERED,False,False,False,False
87,correlated_wrong_answers,False,False,UNRESOLVED,,False,True,False
87,both_outputs_missing,False,False,UNRESOLVED,,False,False,False
87,malformed_output,False,False,RECOVERED,False,False,False,False
87,checker_corruption_boundary,False,False,ACCEPT_PRIMARY,True,True,True,True
88,control,True,True,ACCEPT_PRIMARY,True,False,False,False
88,answer_flip,True,False,RECOVERED,True,False,True,False
88,proof_step_drop,True,False,RECOVERED,True,False,False,False
88,invalid_rule_id,True,False,RECOVERED,True,False,False,False
88,countermodel_bit_flip,True,True,ACCEPT_PRIMARY,True,False,False,False
88,input_query_replacement,True,False,RECOVERED,True,False,False,False
88,worker_output_missing,True,False,RECOVERED,True,False,False,False
88,correlated_wrong_answers,True,False,UNRESOLVED,,False,True,False
88,both_outputs_missing,True,False,UNRESOLVED,,False,False,False
88,malformed_output,True,False,RECOVERED,True,False,False,False
88,checker_corruption_boundary,True,False,ACCEPT_PRIMARY,False,True,True,True
89,control,False,True,ACCEPT_PRIMARY,False,False,False,False
89,answer_flip,False,False,RECOVERED,False,False,True,False
89,proof_step_drop,False,True,ACCEPT_PRIMARY,False,False,False,False
89,invalid_rule_id,False,True,ACCEPT_PRIMARY,False,False,False,False
89,countermodel_bit_flip,False,False,RECOVERED,False,False,False,False
89,input_query_replacement,False,False,RECOVERED,False,False,False,False
89,worker_output_missing,False,False,RECOVERED,False,False,False,False
89,correlated_wrong_answers,False,False,UNRESOLVED,,False,True,False
89,both_outputs_missing,False,False,UNRESOLVED,,False,False,False
89,malformed_output,False,False,RECOVERED,False,False,False,False
89,checker_corruption_boundary,False,False,ACCEPT_PRIMARY,True,True,True,True
90,control,True,True,ACCEPT_PRIMARY,True,False,False,False
90,answer_flip,True,False,RECOVERED,True,False,True,False
90,proof_step_drop,True,False,RECOVERED,True,False,False,False
90,invalid_rule_id,True,False,RECOVERED,True,False,False,False
90,countermodel_bit_flip,True,True,ACCEPT_PRIMARY,True,False,False,False
90,input_query_replacement,True,False,RECOVERED,True,False,False,False
90,worker_output_missing,True,False,RECOVERED,True,False,False,False
90,correlated_wrong_answers,True,False,UNRESOLVED,,False,True,False
90,both_outputs_missing,True,False,UNRESOLVED,,False,False,False
90,malformed_output,True,False,RECOVERED,True,False,False,False
90,checker_corruption_boundary,True,False,ACCEPT_PRIMARY,False,True,True,True
91,control,False,True,ACCEPT_PRIMARY,False,False,False,False
91,answer_flip,False,False,RECOVERED,False,False,True,False
91,proof_step_drop,False,True,ACCEPT_PRIMARY,False,False,False,False
91,invalid_rule_id,False,True,ACCEPT_PRIMARY,False,False,False,False
91,countermodel_bit_flip,False,False,RECOVERED,False,False,False,False
91,input_query_replacement,False,False,RECOVERED,False,False,True,False
91,worker_output_missing,False,False,RECOVERED,False,False,False,False
91,correlated_wrong_answers,False,False,UNRESOLVED,,False,True,False
91,both_outputs_missing,False,False,UNRESOLVED,,False,False,False
91,malformed_output,False,False,RECOVERED,False,False,False,False
91,checker_corruption_boundary,False,False,ACCEPT_PRIMARY,True,True,True,True
92,control,True,True,ACCEPT_PRIMARY,True,False,False,False
92,answer_flip,True,False,RECOVERED,True,False,True,False
92,proof_step_drop,True,False,RECOVERED,True,False,False,False
92,invalid_rule_id,True,False,RECOVERED,True,False,False,False
92,countermodel_bit_flip,True,True,ACCEPT_PRIMARY,True,False,False,False
92,input_query_replacement,True,False,RECOVERED,True,False,False,False
92,worker_output_missing,True,False,RECOVERED,True,False,False,False
92,correlated_wrong_answers,True,False,UNRESOLVED,,False,True,False
92,both_outputs_missing,True,False,UNRESOLVED,,False,False,False
92,malformed_output,True,False,RECOVERED,True,False,False,False
92,checker_corruption_boundary,True,False,ACCEPT_PRIMARY,False,True,True,True
93,control,False,True,ACCEPT_PRIMARY,False,False,False,False
93,answer_flip,False,False,RECOVERED,False,False,True,False
93,proof_step_drop,False,True,ACCEPT_PRIMARY,False,False,False,False
93,invalid_rule_id,False,True,ACCEPT_PRIMARY,False,False,False,False
93,countermodel_bit_flip,False,False,RECOVERED,False,False,False,False
93,input_query_replacement,False,False,RECOVERED,False,False,False,False
93,worker_output_missing,False,False,RECOVERED,False,False,False,False
93,correlated_wrong_answers,False,False,UNRESOLVED,,False,True,False
93,both_outputs_missing,False,False,UNRESOLVED,,False,False,False
93,malformed_output,False,False,RECOVERED,False,False,False,False
93,checker_corruption_boundary,False,False,ACCEPT_PRIMARY,True,True,True,True
94,control,True,True,ACCEPT_PRIMARY,True,False,False,False
94,answer_flip,True,False,RECOVERED,True,False,True,False
94,proof_step_drop,True,False,RECOVERED,True,False,False,False
94,invalid_rule_id,True,False,RECOVERED,True,False,False,False
94,countermodel_bit_flip,True,True,ACCEPT_PRIMARY,True,False,False,False
94,input_query_replacement,True,False,RECOVERED,True,False,True,False
94,worker_output_missing,True,False,RECOVERED,True,False,False,False
94,correlated_wrong_answers,True,False,UNRESOLVED,,False,True,False
94,both_outputs_missing,True,False,UNRESOLVED,,False,False,False
94,malformed_output,True,False,RECOVERED,True,False,False,False
94,checker_corruption_boundary,True,False,ACCEPT_PRIMARY,False,True,True,True
95,control,False,True,ACCEPT_PRIMARY,False,False,False,False
95,answer_flip,False,False,RECOVERED,False,False,True,False
95,proof_step_drop,False,True,ACCEPT_PRIMARY,False,False,False,False
95,invalid_rule_id,False,True,ACCEPT_PRIMARY,False,False,False,False
95,countermodel_bit_flip,False,False,RECOVERED,False,False,False,False
95,input_query_replacement,False,False,RECOVERED,False,False,False,False
95,worker_output_missing,False,False,RECOVERED,False,False,False,False
95,correlated_wrong_answers,False,False,UNRESOLVED,,False,True,False
95,both_outputs_missing,False,False,UNRESOLVED,,False,False,False
95,malformed_output,False,False,RECOVERED,False,False,False,False
95,checker_corruption_boundary,False,False,ACCEPT_PRIMARY,True,True,True,True
96,control,True,True,ACCEPT_PRIMARY,True,False,False,False
96,answer_flip,True,False,RECOVERED,True,False,True,False
96,proof_step_drop,True,False,RECOVERED,True,False,False,False
96,invalid_rule_id,True,False,RECOVERED,True,False,False,False
96,countermodel_bit_flip,True,True,ACCEPT_PRIMARY,True,False,False,False
96,input_query_replacement,True,False,RECOVERED,True,False,False,False
96,worker_output_missing,True,False,RECOVERED,True,False,False,False
96,correlated_wrong_answers,True,False,UNRESOLVED,,False,True,False
96,both_outputs_missing,True,False,UNRESOLVED,,False,False,False
96,malformed_output,True,False,RECOVERED,True,False,False,False
96,checker_corruption_boundary,True,False,ACCEPT_PRIMARY,False,True,True,True
97,control,False,True,ACCEPT_PRIMARY,False,False,False,False
97,answer_flip,False,False,RECOVERED,False,False,True,False
97,proof_step_drop,False,True,ACCEPT_PRIMARY,False,False,False,False
97,invalid_rule_id,False,True,ACCEPT_PRIMARY,False,False,False,False
97,countermodel_bit_flip,False,False,RECOVERED,False,False,False,False
97,input_query_replacement,False,False,RECOVERED,False,False,True,False
97,worker_output_missing,False,False,RECOVERED,False,False,False,False
97,correlated_wrong_answers,False,False,UNRESOLVED,,False,True,False
97,both_outputs_missing,False,False,UNRESOLVED,,False,False,False
97,malformed_output,False,False,RECOVERED,False,False,False,False
97,checker_corruption_boundary,False,False,ACCEPT_PRIMARY,True,True,True,True
98,control,True,True,ACCEPT_PRIMARY,True,False,False,False
98,answer_flip,True,False,RECOVERED,True,False,True,False
98,proof_step_drop,True,False,RECOVERED,True,False,False,False
98,invalid_rule_id,True,False,RECOVERED,True,False,False,False
98,countermodel_bit_flip,True,True,ACCEPT_PRIMARY,True,False,False,False
98,input_query_replacement,True,False,RECOVERED,True,False,True,False
98,worker_output_missing,True,False,RECOVERED,True,False,False,False
98,correlated_wrong_answers,True,False,UNRESOLVED,,False,True,False
98,both_outputs_missing,True,False,UNRESOLVED,,False,False,False
98,malformed_output,True,False,RECOVERED,True,False,False,False
98,checker_corruption_boundary,True,False,ACCEPT_PRIMARY,False,True,True,True
99,control,False,True,ACCEPT_PRIMARY,False,False,False,False
99,answer_flip,False,False,RECOVERED,False,False,True,False
99,proof_step_drop,False,True,ACCEPT_PRIMARY,False,False,False,False
99,invalid_rule_id,False,True,ACCEPT_PRIMARY,False,False,False,False
99,countermodel_bit_flip,False,False,RECOVERED,False,False,False,False
99,input_query_replacement,False,False,RECOVERED,False,False,False,False
99,worker_output_missing,False,False,RECOVERED,False,False,False,False
99,correlated_wrong_answers,False,False,UNRESOLVED,,False,True,False
99,both_outputs_missing,False,False,UNRESOLVED,,False,False,False
99,malformed_output,False,False,RECOVERED,False,False,False,False
99,checker_corruption_boundary,False,False,ACCEPT_PRIMARY,True,True,True,True
100,control,True,True,ACCEPT_PRIMARY,True,False,False,False
100,answer_flip,True,False,RECOVERED,True,False,True,False
100,proof_step_drop,True,False,RECOVERED,True,False,False,False
100,invalid_rule_id,True,False,RECOVERED,True,False,False,False
100,countermodel_bit_flip,True,True,ACCEPT_PRIMARY,True,False,False,False
100,input_query_replacement,True,False,RECOVERED,True,False,False,False
100,worker_output_missing,True,False,RECOVERED,True,False,False,False
100,correlated_wrong_answers,True,False,UNRESOLVED,,False,True,False
100,both_outputs_missing,True,False,UNRESOLVED,,False,False,False
100,malformed_output,True,False,RECOVERED,True,False,False,False
100,checker_corruption_boundary,True,False,ACCEPT_PRIMARY,False,True,True,True
101,control,False,True,ACCEPT_PRIMARY,False,False,False,False
101,answer_flip,False,False,RECOVERED,False,False,True,False
101,proof_step_drop,False,True,ACCEPT_PRIMARY,False,False,False,False
101,invalid_rule_id,False,True,ACCEPT_PRIMARY,False,False,False,False
101,countermodel_bit_flip,False,False,RECOVERED,False,False,False,False
101,input_query_replacement,False,False,RECOVERED,False,False,False,False
101,worker_output_missing,False,False,RECOVERED,False,False,False,False
101,correlated_wrong_answers,False,False,UNRESOLVED,,False,True,False
101,both_outputs_missing,False,False,UNRESOLVED,,False,False,False
101,malformed_output,False,False,RECOVERED,False,False,False,False
101,checker_corruption_boundary,False,False,ACCEPT_PRIMARY,True,True,True,True
102,control,True,True,ACCEPT_PRIMARY,True,False,False,False
102,answer_flip,True,False,RECOVERED,True,False,True,False
102,proof_step_drop,True,False,RECOVERED,True,False,False,False
102,invalid_rule_id,True,False,RECOVERED,True,False,False,False
102,countermodel_bit_flip,True,True,ACCEPT_PRIMARY,True,False,False,False
102,input_query_replacement,True,False,RECOVERED,True,False,True,False
102,worker_output_missing,True,False,RECOVERED,True,False,False,False
102,correlated_wrong_answers,True,False,UNRESOLVED,,False,True,False
102,both_outputs_missing,True,False,UNRESOLVED,,False,False,False
102,malformed_output,True,False,RECOVERED,True,False,False,False
102,checker_corruption_boundary,True,False,ACCEPT_PRIMARY,False,True,True,True
103,control,False,True,ACCEPT_PRIMARY,False,False,False,False
103,answer_flip,False,False,RECOVERED,False,False,True,False
103,proof_step_drop,False,True,ACCEPT_PRIMARY,False,False,False,False
103,invalid_rule_id,False,True,ACCEPT_PRIMARY,False,False,False,False
103,countermodel_bit_flip,False,False,RECOVERED,False,False,False,False
103,input_query_replacement,False,False,RECOVERED,False,False,True,False
103,worker_output_missing,False,False,RECOVERED,False,False,False,False
103,correlated_wrong_answers,False,False,UNRESOLVED,,False,True,False
103,both_outputs_missing,False,False,UNRESOLVED,,False,False,False
103,malformed_output,False,False,RECOVERED,False,False,False,False
103,checker_corruption_boundary,False,False,ACCEPT_PRIMARY,True,True,True,True
104,control,True,True,ACCEPT_PRIMARY,True,False,False,False
104,answer_flip,True,False,RECOVERED,True,False,True,False
104,proof_step_drop,True,False,RECOVERED,True,False,False,False
104,invalid_rule_id,True,False,RECOVERED,True,False,False,False
104,countermodel_bit_flip,True,True,ACCEPT_PRIMARY,True,False,False,False
104,input_query_replacement,True,False,RECOVERED,True,False,True,False
104,worker_output_missing,True,False,RECOVERED,True,False,False,False
104,correlated_wrong_answers,True,False,UNRESOLVED,,False,True,False
104,both_outputs_missing,True,False,UNRESOLVED,,False,False,False
104,malformed_output,True,False,RECOVERED,True,False,False,False
104,checker_corruption_boundary,True,False,ACCEPT_PRIMARY,False,True,True,True
105,control,False,True,ACCEPT_PRIMARY,False,False,False,False
105,answer_flip,False,False,RECOVERED,False,False,True,False
105,proof_step_drop,False,True,ACCEPT_PRIMARY,False,False,False,False
105,invalid_rule_id,False,True,ACCEPT_PRIMARY,False,False,False,False
105,countermodel_bit_flip,False,False,RECOVERED,False,False,False,False
105,input_query_replacement,False,False,RECOVERED,False,False,True,False
105,worker_output_missing,False,False,RECOVERED,False,False,False,False
105,correlated_wrong_answers,False,False,UNRESOLVED,,False,True,False
105,both_outputs_missing,False,False,UNRESOLVED,,False,False,False
105,malformed_output,False,False,RECOVERED,False,False,False,False
105,checker_corruption_boundary,False,False,ACCEPT_PRIMARY,True,True,True,True
106,control,True,True,ACCEPT_PRIMARY,True,False,False,False
106,answer_flip,True,False,RECOVERED,True,False,True,False
106,proof_step_drop,True,False,RECOVERED,True,False,False,False
106,invalid_rule_id,True,False,RECOVERED,True,False,False,False
106,countermodel_bit_flip,True,True,ACCEPT_PRIMARY,True,False,False,False
106,input_query_replacement,True,False,RECOVERED,True,False,False,False
106,worker_output_missing,True,False,RECOVERED,True,False,False,False
106,correlated_wrong_answers,True,False,UNRESOLVED,,False,True,False
106,both_outputs_missing,True,False,UNRESOLVED,,False,False,False
106,malformed_output,True,False,RECOVERED,True,False,False,False
106,checker_corruption_boundary,True,False,ACCEPT_PRIMARY,False,True,True,True
107,control,False,True,ACCEPT_PRIMARY,False,False,False,False
107,answer_flip,False,False,RECOVERED,False,False,True,False
107,proof_step_drop,False,True,ACCEPT_PRIMARY,False,False,False,False
107,invalid_rule_id,False,True,ACCEPT_PRIMARY,False,False,False,False
107,countermodel_bit_flip,False,False,RECOVERED,False,False,False,False
107,input_query_replacement,False,False,RECOVERED,False,False,False,False
107,worker_output_missing,False,False,RECOVERED,False,False,False,False
107,correlated_wrong_answers,False,False,UNRESOLVED,,False,True,False
107,both_outputs_missing,False,False,UNRESOLVED,,False,False,False
107,malformed_output,False,False,RECOVERED,False,False,False,False
107,checker_corruption_boundary,False,False,ACCEPT_PRIMARY,True,True,True,True
108,control,True,True,ACCEPT_PRIMARY,True,False,False,False
108,answer_flip,True,False,RECOVERED,True,False,True,False
108,proof_step_drop,True,False,RECOVERED,True,False,False,False
108,invalid_rule_id,True,False,RECOVERED,True,False,False,False
108,countermodel_bit_flip,True,True,ACCEPT_PRIMARY,True,False,False,False
108,input_query_replacement,True,False,RECOVERED,True,False,False,False
108,worker_output_missing,True,False,RECOVERED,True,False,False,False
108,correlated_wrong_answers,True,False,UNRESOLVED,,False,True,False
108,both_outputs_missing,True,False,UNRESOLVED,,False,False,False
108,malformed_output,True,False,RECOVERED,True,False,False,False
108,checker_corruption_boundary,True,False,ACCEPT_PRIMARY,False,True,True,True
109,control,False,True,ACCEPT_PRIMARY,False,False,False,False
109,answer_flip,False,False,RECOVERED,False,False,True,False
109,proof_step_drop,False,True,ACCEPT_PRIMARY,False,False,False,False
109,invalid_rule_id,False,True,ACCEPT_PRIMARY,False,False,False,False
109,countermodel_bit_flip,False,False,RECOVERED,False,False,False,False
109,input_query_replacement,False,False,RECOVERED,False,False,False,False
109,worker_output_missing,False,False,RECOVERED,False,False,False,False
109,correlated_wrong_answers,False,False,UNRESOLVED,,False,True,False
109,both_outputs_missing,False,False,UNRESOLVED,,False,False,False
109,malformed_output,False,False,RECOVERED,False,False,False,False
109,checker_corruption_boundary,False,False,ACCEPT_PRIMARY,True,True,True,True
110,control,True,True,ACCEPT_PRIMARY,True,False,False,False
110,answer_flip,True,False,RECOVERED,True,False,True,False
110,proof_step_drop,True,False,RECOVERED,True,False,False,False
110,invalid_rule_id,True,False,RECOVERED,True,False,False,False
110,countermodel_bit_flip,True,True,ACCEPT_PRIMARY,True,False,False,False
110,input_query_replacement,True,False,RECOVERED,True,False,True,False
110,worker_output_missing,True,False,RECOVERED,True,False,False,False
110,correlated_wrong_answers,True,False,UNRESOLVED,,False,True,False
110,both_outputs_missing,True,False,UNRESOLVED,,False,False,False
110,malformed_output,True,False,RECOVERED,True,False,False,False
110,checker_corruption_boundary,True,False,ACCEPT_PRIMARY,False,True,True,True
111,control,False,True,ACCEPT_PRIMARY,False,False,False,False
111,answer_flip,False,False,RECOVERED,False,False,True,False
111,proof_step_drop,False,True,ACCEPT_PRIMARY,False,False,False,False
111,invalid_rule_id,False,True,ACCEPT_PRIMARY,False,False,False,False
111,countermodel_bit_flip,False,False,RECOVERED,False,False,False,False
111,input_query_replacement,False,False,RECOVERED,False,False,True,False
111,worker_output_missing,False,False,RECOVERED,False,False,False,False
111,correlated_wrong_answers,False,False,UNRESOLVED,,False,True,False
111,both_outputs_missing,False,False,UNRESOLVED,,False,False,False
111,malformed_output,False,False,RECOVERED,False,False,False,False
111,checker_corruption_boundary,False,False,ACCEPT_PRIMARY,True,True,True,True
112,control,True,True,ACCEPT_PRIMARY,True,False,False,False
112,answer_flip,True,False,RECOVERED,True,False,True,False
112,proof_step_drop,True,False,RECOVERED,True,False,False,False
112,invalid_rule_id,True,False,RECOVERED,True,False,False,False
112,countermodel_bit_flip,True,True,ACCEPT_PRIMARY,True,False,False,False
112,input_query_replacement,True,False,RECOVERED,True,False,False,False
112,worker_output_missing,True,False,RECOVERED,True,False,False,False
112,correlated_wrong_answers,True,False,UNRESOLVED,,False,True,False
112,both_outputs_missing,True,False,UNRESOLVED,,False,False,False
112,malformed_output,True,False,RECOVERED,True,False,False,False
112,checker_corruption_boundary,True,False,ACCEPT_PRIMARY,False,True,True,True
113,control,False,True,ACCEPT_PRIMARY,False,False,False,False
113,answer_flip,False,False,RECOVERED,False,False,True,False
113,proof_step_drop,False,True,ACCEPT_PRIMARY,False,False,False,False
113,invalid_rule_id,False,True,ACCEPT_PRIMARY,False,False,False,False
113,countermodel_bit_flip,False,False,RECOVERED,False,False,False,False
113,input_query_replacement,False,False,RECOVERED,False,False,False,False
113,worker_output_missing,False,False,RECOVERED,False,False,False,False
113,correlated_wrong_answers,False,False,UNRESOLVED,,False,True,False
113,both_outputs_missing,False,False,UNRESOLVED,,False,False,False
113,malformed_output,False,False,RECOVERED,False,False,False,False
113,checker_corruption_boundary,False,False,ACCEPT_PRIMARY,True,True,True,True
114,control,True,True,ACCEPT_PRIMARY,True,False,False,False
114,answer_flip,True,False,RECOVERED,True,False,True,False
114,proof_step_drop,True,False,RECOVERED,True,False,False,False
114,invalid_rule_id,True,False,RECOVERED,True,False,False,False
114,countermodel_bit_flip,True,True,ACCEPT_PRIMARY,True,False,False,False
114,input_query_replacement,True,False,RECOVERED,True,False,True,False
114,worker_output_missing,True,False,RECOVERED,True,False,False,False
114,correlated_wrong_answers,True,False,UNRESOLVED,,False,True,False
114,both_outputs_missing,True,False,UNRESOLVED,,False,False,False
114,malformed_output,True,False,RECOVERED,True,False,False,False
114,checker_corruption_boundary,True,False,ACCEPT_PRIMARY,False,True,True,True
115,control,False,True,ACCEPT_PRIMARY,False,False,False,False
115,answer_flip,False,False,RECOVERED,False,False,True,False
115,proof_step_drop,False,True,ACCEPT_PRIMARY,False,False,False,False
115,invalid_rule_id,False,True,ACCEPT_PRIMARY,False,False,False,False
115,countermodel_bit_flip,False,False,RECOVERED,False,False,False,False
115,input_query_replacement,False,False,RECOVERED,False,False,True,False
115,worker_output_missing,False,False,RECOVERED,False,False,False,False
115,correlated_wrong_answers,False,False,UNRESOLVED,,False,True,False
115,both_outputs_missing,False,False,UNRESOLVED,,False,False,False
115,malformed_output,False,False,RECOVERED,False,False,False,False
115,checker_corruption_boundary,False,False,ACCEPT_PRIMARY,True,True,True,True
116,control,True,True,ACCEPT_PRIMARY,True,False,False,False
116,answer_flip,True,False,RECOVERED,True,False,True,False
116,proof_step_drop,True,False,RECOVERED,True,False,False,False
116,invalid_rule_id,True,False,RECOVERED,True,False,False,False
116,countermodel_bit_flip,True,True,ACCEPT_PRIMARY,True,False,False,False
116,input_query_replacement,True,False,RECOVERED,True,False,False,False
116,worker_output_missing,True,False,RECOVERED,True,False,False,False
116,correlated_wrong_answers,True,False,UNRESOLVED,,False,True,False
116,both_outputs_missing,True,False,UNRESOLVED,,False,False,False
116,malformed_output,True,False,RECOVERED,True,False,False,False
116,checker_corruption_boundary,True,False,ACCEPT_PRIMARY,False,True,True,True
117,control,False,True,ACCEPT_PRIMARY,False,False,False,False
117,answer_flip,False,False,RECOVERED,False,False,True,False
117,proof_step_drop,False,True,ACCEPT_PRIMARY,False,False,False,False
117,invalid_rule_id,False,True,ACCEPT_PRIMARY,False,False,False,False
117,countermodel_bit_flip,False,False,RECOVERED,False,False,False,False
117,input_query_replacement,False,False,RECOVERED,False,False,False,False
117,worker_output_missing,False,False,RECOVERED,False,False,False,False
117,correlated_wrong_answers,False,False,UNRESOLVED,,False,True,False
117,both_outputs_missing,False,False,UNRESOLVED,,False,False,False
117,malformed_output,False,False,RECOVERED,False,False,False,False
117,checker_corruption_boundary,False,False,ACCEPT_PRIMARY,True,True,True,True
118,control,True,True,ACCEPT_PRIMARY,True,False,False,False
118,answer_flip,True,False,RECOVERED,True,False,True,False
118,proof_step_drop,True,False,RECOVERED,True,False,False,False
118,invalid_rule_id,True,False,RECOVERED,True,False,False,False
118,countermodel_bit_flip,True,True,ACCEPT_PRIMARY,True,False,False,False
118,input_query_replacement,True,False,RECOVERED,True,False,True,False
118,worker_output_missing,True,False,RECOVERED,True,False,False,False
118,correlated_wrong_answers,True,False,UNRESOLVED,,False,True,False
118,both_outputs_missing,True,False,UNRESOLVED,,False,False,False
118,malformed_output,True,False,RECOVERED,True,False,False,False
118,checker_corruption_boundary,True,False,ACCEPT_PRIMARY,False,True,True,True
119,control,False,True,ACCEPT_PRIMARY,False,False,False,False
119,answer_flip,False,False,RECOVERED,False,False,True,False
119,proof_step_drop,False,True,ACCEPT_PRIMARY,False,False,False,False
119,invalid_rule_id,False,True,ACCEPT_PRIMARY,False,False,False,False
119,countermodel_bit_flip,False,False,RECOVERED,False,False,False,False
119,input_query_replacement,False,False,RECOVERED,False,False,False,False
119,worker_output_missing,False,False,RECOVERED,False,False,False,False
119,correlated_wrong_answers,False,False,UNRESOLVED,,False,True,False
119,both_outputs_missing,False,False,UNRESOLVED,,False,False,False
119,malformed_output,False,False,RECOVERED,False,False,False,False
119,checker_corruption_boundary,False,False,ACCEPT_PRIMARY,True,True,True,True
120,control,True,True,ACCEPT_PRIMARY,True,False,False,False
120,answer_flip,True,False,RECOVERED,True,False,True,False
120,proof_step_drop,True,False,RECOVERED,True,False,False,False
120,invalid_rule_id,True,False,RECOVERED,True,False,False,False
120,countermodel_bit_flip,True,True,ACCEPT_PRIMARY,True,False,False,False
120,input_query_replacement,True,False,RECOVERED,True,False,False,False
120,worker_output_missing,True,False,RECOVERED,True,False,False,False
120,correlated_wrong_answers,True,False,UNRESOLVED,,False,True,False
120,both_outputs_missing,True,False,UNRESOLVED,,False,False,False
120,malformed_output,True,False,RECOVERED,True,False,False,False
120,checker_corruption_boundary,True,False,ACCEPT_PRIMARY,False,True,True,True
121,control,False,True,ACCEPT_PRIMARY,False,False,False,False
121,answer_flip,False,False,RECOVERED,False,False,True,False
121,proof_step_drop,False,True,ACCEPT_PRIMARY,False,False,False,False
121,invalid_rule_id,False,True,ACCEPT_PRIMARY,False,False,False,False
121,countermodel_bit_flip,False,False,RECOVERED,False,False,False,False
121,input_query_replacement,False,False,RECOVERED,False,False,True,False
121,worker_output_missing,False,False,RECOVERED,False,False,False,False
121,correlated_wrong_answers,False,False,UNRESOLVED,,False,True,False
121,both_outputs_missing,False,False,UNRESOLVED,,False,False,False
121,malformed_output,False,False,RECOVERED,False,False,False,False
121,checker_corruption_boundary,False,False,ACCEPT_PRIMARY,True,True,True,True
122,control,True,True,ACCEPT_PRIMARY,True,False,False,False
122,answer_flip,True,False,RECOVERED,True,False,True,False
122,proof_step_drop,True,False,RECOVERED,True,False,False,False
122,invalid_rule_id,True,False,RECOVERED,True,False,False,False
122,countermodel_bit_flip,True,True,ACCEPT_PRIMARY,True,False,False,False
122,input_query_replacement,True,False,RECOVERED,True,False,True,False
122,worker_output_missing,True,False,RECOVERED,True,False,False,False
122,correlated_wrong_answers,True,False,UNRESOLVED,,False,True,False
122,both_outputs_missing,True,False,UNRESOLVED,,False,False,False
122,malformed_output,True,False,RECOVERED,True,False,False,False
122,checker_corruption_boundary,True,False,ACCEPT_PRIMARY,False,True,True,True
123,control,False,True,ACCEPT_PRIMARY,False,False,False,False
123,answer_flip,False,False,RECOVERED,False,False,True,False
123,proof_step_drop,False,True,ACCEPT_PRIMARY,False,False,False,False
123,invalid_rule_id,False,True,ACCEPT_PRIMARY,False,False,False,False
123,countermodel_bit_flip,False,False,RECOVERED,False,False,False,False
123,input_query_replacement,False,False,RECOVERED,False,False,False,False
123,worker_output_missing,False,False,RECOVERED,False,False,False,False
123,correlated_wrong_answers,False,False,UNRESOLVED,,False,True,False
123,both_outputs_missing,False,False,UNRESOLVED,,False,False,False
123,malformed_output,False,False,RECOVERED,False,False,False,False
123,checker_corruption_boundary,False,False,ACCEPT_PRIMARY,True,True,True,True
124,control,True,True,ACCEPT_PRIMARY,True,False,False,False
124,answer_flip,True,False,RECOVERED,True,False,True,False
124,proof_step_drop,True,False,RECOVERED,True,False,False,False
124,invalid_rule_id,True,False,RECOVERED,True,False,False,False
124,countermodel_bit_flip,True,True,ACCEPT_PRIMARY,True,False,False,False
124,input_query_replacement,True,False,RECOVERED,True,False,True,False
124,worker_output_missing,True,False,RECOVERED,True,False,False,False
124,correlated_wrong_answers,True,False,UNRESOLVED,,False,True,False
124,both_outputs_missing,True,False,UNRESOLVED,,False,False,False
124,malformed_output,True,False,RECOVERED,True,False,False,False
124,checker_corruption_boundary,True,False,ACCEPT_PRIMARY,False,True,True,True
125,control,False,True,ACCEPT_PRIMARY,False,False,False,False
125,answer_flip,False,False,RECOVERED,False,False,True,False
125,proof_step_drop,False,True,ACCEPT_PRIMARY,False,False,False,False
125,invalid_rule_id,False,True,ACCEPT_PRIMARY,False,False,False,False
125,countermodel_bit_flip,False,False,RECOVERED,False,False,False,False
125,input_query_replacement,False,False,RECOVERED,False,False,True,False
125,worker_output_missing,False,False,RECOVERED,False,False,False,False
125,correlated_wrong_answers,False,False,UNRESOLVED,,False,True,False
125,both_outputs_missing,False,False,UNRESOLVED,,False,False,False
125,malformed_output,False,False,RECOVERED,False,False,False,False
125,checker_corruption_boundary,False,False,ACCEPT_PRIMARY,True,True,True,True
126,control,True,True,ACCEPT_PRIMARY,True,False,False,False
126,answer_flip,True,False,RECOVERED,True,False,True,False
126,proof_step_drop,True,False,RECOVERED,True,False,False,False
126,invalid_rule_id,True,False,RECOVERED,True,False,False,False
126,countermodel_bit_flip,True,True,ACCEPT_PRIMARY,True,False,False,False
126,input_query_replacement,True,False,RECOVERED,True,False,True,False
126,worker_output_missing,True,False,RECOVERED,True,False,False,False
126,correlated_wrong_answers,True,False,UNRESOLVED,,False,True,False
126,both_outputs_missing,True,False,UNRESOLVED,,False,False,False
126,malformed_output,True,False,RECOVERED,True,False,False,False
126,checker_corruption_boundary,True,False,ACCEPT_PRIMARY,False,True,True,True
127,control,False,True,ACCEPT_PRIMARY,False,False,False,False
127,answer_flip,False,False,RECOVERED,False,False,True,False
127,proof_step_drop,False,True,ACCEPT_PRIMARY,False,False,False,False
127,invalid_rule_id,False,True,ACCEPT_PRIMARY,False,False,False,False
127,countermodel_bit_flip,False,False,RECOVERED,False,False,False,False
127,input_query_replacement,False,False,RECOVERED,False,False,False,False
127,worker_output_missing,False,False,RECOVERED,False,False,False,False
127,correlated_wrong_answers,False,False,UNRESOLVED,,False,True,False
127,both_outputs_missing,False,False,UNRESOLVED,,False,False,False
127,malformed_output,False,False,RECOVERED,False,False,False,False
127,checker_corruption_boundary,False,False,ACCEPT_PRIMARY,True,True,True,True
